name,type,value,date
=咬人猫=,1480000,1,2011-09-26
SnowRocker,824000,1,2012-08-16
SnowRocker,824000,2,2012-08-16
利昂·艾尔托沙,172000,1,2012-09-05
Riza_Hawkeye,39000,1,2012-09-08
RailSword,101000,1,2012-10-20
认真你就怎么了？,64000,1,2013-04-14
永恒类星体,73000,1,2013-07-28
吴克他偏头痛,33000,1,2013-08-06
糖哟,252000,1,2013-08-24
贤狼亚麻大,27000,1,2013-11-03
Teko酱,557000,1,2013-11-20
萌宅喵君,2361000,1,2013-11-21
萌宅喵君,2361000,2,2013-11-21
萌宅喵君,2361000,3,2013-11-21
DBCONAN,247000,1,2014-04-30
提不起劲的小明同学,51000,1,2014-05-05
北丶极,147000,1,2014-05-27
网易暴雪游戏视频,164000,1,2014-08-15
半支牙膏,758000,1,2014-08-15
半支牙膏,758000,2,2014-08-15
嘉栋KaTung,58000,1,2014-09-29
白夜夢,352000,1,2014-11-16
卡比兽1996,47000,1,2014-12-01
网易暴雪游戏视频,34000,2,2015-03-23
衫鼎动人,302000,1,2015-04-03
枫思love摄恋,650000,1,2015-04-13
枫思love摄恋,650000,2,2015-04-13
枫思love摄恋,650000,3,2015-04-13
网易暴雪游戏视频,80000,3,2015-04-14
网易暴雪游戏视频,53000,4,2015-04-20
翡冷翠的风,78000,1,2015-06-08
麻痹怒气,52000,1,2015-07-16
柚子木字幕组,242000,1,2015-07-20
粉红皮卡丘小马,1152000,1,2015-11-07
柚子木字幕组,610000,2,2015-11-07
粉红皮卡丘小马,1152000,2,2015-11-07
柚子木字幕组,610000,3,2015-11-07
大头即使是正义,340000,1,2015-11-24
耳机虐杀狂魔,31000,1,2015-12-08
喃兑啊内,25000,1,2016-02-25
lswinset,1803000,1,2016-03-19
lswinset,1803000,2,2016-03-19
七御夜樱,26000,1,2016-04-17
三棵树下老科学,376000,1,2016-04-19
狂野狼狼,569000,1,2016-04-19
JIAN半世晨晓,662000,1,2016-04-27
JIAN半世晨晓,662000,2,2016-04-27
STN工作室,481000,1,2016-04-28
STN工作室,481000,2,2016-04-28
鼻子上的蚂蚁AoN,249000,1,2016-05-06
文曰小强,432000,1,2016-05-27
许同学93,41000,1,2016-05-31
windleavez,225000,1,2016-06-01
betty1214,14000,1,2016-06-03
谷阿莫,803000,1,2016-06-07
我是一只粽子啊,309000,1,2016-06-07
谷阿莫,803000,2,2016-06-07
凹凸君说,347000,1,2016-06-08
papi酱,1649000,1,2016-06-13
淮秀帮啊,194000,1,2016-06-14
起小点是大腿,263000,1,2016-06-20
奇然liya,248000,1,2016-06-26
我勒个大去↗,434000,1,2016-06-26
开饭了叫我,37000,1,2016-07-18
谷阿莫,578000,3,2016-07-23
巴索罗米熊正,380000,1,2016-07-25
巴索罗米熊正,380000,2,2016-07-25
MaDBeYoND,679000,1,2016-08-01
JeanieILH,126000,1,2016-08-03
Exelan,496000,1,2016-08-10
Exelan,361000,2,2016-08-10
Exelan,200000,3,2016-08-10
Exelan,496000,4,2016-08-10
萌大叔v,29000,1,2016-08-20
夏一可,258000,1,2016-08-30
疾风小怪兽,118000,1,2016-09-03
GodBlessMars,51000,1,2016-09-18
夏一可,182000,2,2016-09-23
喃兑啊内,42000,2,2016-09-28
喃兑啊内,28000,3,2016-09-30
Crewkicks,19000,1,2016-10-04
喃兑啊内,89000,4,2016-10-16
喃兑啊内,30000,5,2016-11-09
海边的熊孩子,61000,1,2016-11-24
喃兑啊内,46000,6,2016-12-02
三酮一五戊二醇,356000,1,2016-12-09
亚泽Eric,12000,1,2016-12-11
喃兑啊内,28000,7,2016-12-22
狐千岁,194000,1,2016-12-26
喃兑啊内,26000,8,2017-01-04
喃兑啊内,21000,9,2017-01-11
拂菻坊,595000,1,2017-01-12
电竞传奇,379000,1,2017-01-13
喃兑啊内,55000,10,2017-01-21
喃兑啊内,21000,11,2017-01-21
喃兑啊内,42000,12,2017-01-22
Awesent,61000,1,2017-01-28
Awesent,88000,2,2017-01-28
喃兑啊内,43000,13,2017-02-01
喃兑啊内,22000,14,2017-02-11
喃兑啊内,35000,15,2017-02-14
喃兑啊内,40000,16,2017-02-16
喃兑啊内,28000,17,2017-02-16
喃兑啊内,152000,18,2017-02-17
喃兑啊内,25000,19,2017-02-17
yanspeng,19000,1,2017-02-21
喃兑啊内,28000,20,2017-02-25
咖喱大蛋,339000,1,2017-02-28
咖喱大蛋,339000,2,2017-02-28
喃兑啊内,31000,21,2017-03-06
疾风小怪兽,47000,2,2017-03-11
疾风小怪兽,58000,3,2017-03-12
喃兑啊内,45000,22,2017-03-15
亚泽Eric,13000,2,2017-03-19
喃兑啊内,39000,23,2017-03-20
MPao的本能,22000,1,2017-03-20
喃兑啊内,57000,24,2017-03-22
喃兑啊内,33000,25,2017-03-22
网易暴雪游戏视频,178000,5,2017-03-24
Exelan,144000,5,2017-03-24
谷阿莫,586000,4,2017-03-24
喃兑啊内,93000,26,2017-03-25
疾风小怪兽,52000,4,2017-03-26
喃兑啊内,24000,27,2017-03-27
奥特曼丶快跑,73000,1,2017-03-28
喃兑啊内,68000,28,2017-03-29
喃兑啊内,63000,29,2017-03-29
喃兑啊内,23000,30,2017-03-30
穹了个妹,41000,1,2017-04-01
喃兑啊内,38000,31,2017-04-02
喃兑啊内,439000,32,2017-04-03
喃兑啊内,21000,33,2017-04-03
亚泽Eric,11000,3,2017-04-10
就想发句弹幕,144000,1,2017-04-11
友坑,155000,1,2017-04-11
ByakuyaRinne,127000,1,2017-04-11
喃兑啊内,59000,34,2017-04-13
喃兑啊内,17000,35,2017-04-14
喃兑啊内,25000,36,2017-04-16
喃兑啊内,24000,37,2017-04-18
Exelan,149000,6,2017-04-19
方昊X,23000,1,2017-04-20
遗风,255000,1,2017-04-21
北斗杏,30000,1,2017-04-23
喃兑啊内,16000,38,2017-04-23
云何梵,414000,1,2017-04-23
亚泽Eric,25000,4,2017-04-24
喃兑啊内,53000,39,2017-04-25
少女嗨起来,26000,1,2017-04-25
LizLu栗子,109000,1,2017-04-29
喃兑啊内,26000,40,2017-04-30
喃兑啊内,19000,41,2017-05-04
喃兑啊内,28000,42,2017-05-07
亚泽Eric,11000,5,2017-05-07
Makii,23000,1,2017-05-09
疾风小怪兽,73000,5,2017-05-13
米斯特蚂蚁,34000,1,2017-05-13
亚泽Eric,9890,6,2017-05-14
传奇的灾难,216000,1,2017-05-19
夏一可,290000,3,2017-05-20
我家的脑洞君,20000,1,2017-05-25
夏一可,203000,4,2017-05-29
清云灯,28000,1,2017-05-30
夏一可,150000,5,2017-06-01
夏一可,168000,6,2017-06-08
夏一可,175000,7,2017-06-12
亚泽Eric,9351,7,2017-06-13
夏一可,190000,8,2017-06-15
路过木木,28000,1,2017-06-15
刀疤浩,319000,1,2017-06-16
刀疤浩,319000,2,2017-06-16
刀疤浩,319000,3,2017-06-16
淘气的穆穆,195000,1,2017-06-18
夏一可,177000,9,2017-06-21
传奇的灾难,169000,2,2017-06-21
夏一可,143000,10,2017-06-21
伯生活,111000,1,2017-06-22
伯生活,37000,2,2017-06-22
夏一可,306000,11,2017-06-23
我是海带带带带,31000,1,2017-06-23
夏一可,306000,12,2017-06-23
疾风小怪兽,53000,6,2017-06-24
亚泽Eric,14000,8,2017-06-27
亚泽Eric,14000,9,2017-07-04
么么就最好,135000,1,2017-07-12
亚泽Eric,28000,10,2017-07-13
TYT少壮派,253000,1,2017-07-17
TYT少壮派,216000,2,2017-07-19
圣光剑男春,18000,1,2017-07-19
TYT少壮派,185000,3,2017-07-20
我爱吃巴豆,15000,1,2017-07-21
scolourful,18000,1,2017-07-22
痞子老九,21000,1,2017-07-24
疾风小怪兽,78000,7,2017-07-24
亚泽Eric,16000,11,2017-07-24
失落の空间,167000,1,2017-07-31
失落の空间,167000,2,2017-07-31
Exelan,130000,7,2017-08-03
scolourful,20000,2,2017-08-05
亚泽Eric,16000,12,2017-08-05
scolourful,15000,3,2017-08-11
protoss020,64000,1,2017-08-14
米米Mxmimi,17000,1,2017-08-15
_DVA_,9367,1,2017-08-18
网易暴雪游戏视频,164000,6,2017-08-24
网易暴雪游戏视频,151000,7,2017-08-24
柚子木字幕组,14000,4,2017-08-27
Exelan,236000,8,2017-08-30
剑雨秋河,21000,1,2017-09-02
完美国度Vs,81000,1,2017-09-04
亚泽Eric,8419,13,2017-09-04
pioneer戴腾飞,22000,1,2017-09-05
亚泽Eric,8654,14,2017-09-09
夜深梦成魇,31000,1,2017-09-12
夜深梦成魇,14000,2,2017-09-14
九玖酱哟,88000,1,2017-09-15
醋僧啊白,19000,1,2017-09-15
夏一可,258000,13,2017-09-16
夏一可,258000,14,2017-09-16
夜深梦成魇,105000,3,2017-09-17
暴走的屌丝,357000,1,2017-09-18
亚泽Eric,9500,15,2017-09-18
暴走的屌丝,357000,2,2017-09-18
中二兔九哥,32000,1,2017-09-22
夏一可,191000,15,2017-09-23
疾风小怪兽,71000,8,2017-09-24
AlanYang杨阿兰,9817,1,2017-09-24
亚泽Eric,11000,16,2017-09-25
XaviusS,14000,1,2017-09-29
喃兑啊内,297000,43,2017-09-29
亚泽Eric,7421,17,2017-10-02
夏一可,176000,16,2017-10-05
落幕繁华丶,11000,1,2017-10-05
夏一可,158000,17,2017-10-08
亚泽Eric,7187,18,2017-10-09
夏一可,134000,18,2017-10-15
亚泽Eric,10000,19,2017-10-17
苇河组少主新田义史,26000,1,2017-10-18
XCin_,54000,1,2017-10-21
极客鞋谈,77000,1,2017-10-23
亚泽Eric,12000,20,2017-10-23
夏一可,132000,19,2017-10-25
救人Fuze左轮医生,17000,1,2017-10-28
六尾狐Carey,9506,1,2017-10-29
夏一可,159000,20,2017-10-30
亚泽Eric,8064,21,2017-10-30
骑着草泥马的迈克,5001,1,2017-10-31
马鞍山小银枪,19000,1,2017-11-02
马鞍山小银枪,18000,2,2017-11-02
马鞍山小银枪,16000,3,2017-11-02
iiidgaf,13000,1,2017-11-02
bobbytables,38000,1,2017-11-03
亚泽Eric,7301,22,2017-11-03
网易暴雪游戏视频,1390000,8,2017-11-04
三棵树下老科学,292000,2,2017-11-04
铎次元,315000,1,2017-11-04
丧心病狂的神大人K,264000,1,2017-11-04
网易暴雪游戏视频,199000,9,2017-11-04
网易暴雪游戏视频,172000,10,2017-11-04
游民星空官方,144000,1,2017-11-04
断月苍穹,120000,1,2017-11-04
白白丨白酱油,136000,1,2017-11-04
浪哥1977,109000,1,2017-11-04
铎次元,315000,2,2017-11-04
游民星空官方,56000,2,2017-11-04
游民星空官方,23000,3,2017-11-04
腹黑の折耳猫,14000,1,2017-11-04
NGA玩家社区,340000,1,2017-11-04
网易暴雪游戏视频,1390000,11,2017-11-04
喃兑啊内,640000,44,2017-11-04
铎次元,315000,3,2017-11-04
三棵树下老科学,292000,3,2017-11-04
丧心病狂的神大人K,264000,2,2017-11-04
夏一可,159000,21,2017-11-05
羿神射,92000,1,2017-11-07
三棵树下老科学,138000,4,2017-11-07
风摇青玉落成诗,319000,1,2017-11-08
枫潇潇135,26000,1,2017-11-08
NGA玩家社区,683000,2,2017-11-08
风摇青玉落成诗,319000,2,2017-11-08
梅花鹿奶糖,36000,1,2017-11-09
咕噜噜风小间,470000,1,2017-11-10
就想发句弹幕,132000,2,2017-11-13
亚泽Eric,18000,23,2017-11-13
XCin_,80000,2,2017-11-14
咕噜噜风小间,12000,2,2017-11-16
ULSUM官方,14000,1,2017-11-18
夏一可,180000,22,2017-11-20
撕瓜君Sega,25000,1,2017-11-20
好奇新报告,92000,1,2017-11-22
亚泽Eric,11000,24,2017-11-23
鱼放送,11000,1,2017-11-23
夏一可,129000,23,2017-11-24
三棵树下老科学,256000,5,2017-11-29
夏一可,211000,24,2017-11-29
Exelan,216000,9,2017-11-29
亚泽Eric,8173,25,2017-11-29
三棵树下老科学,256000,6,2017-11-29
喃兑啊内,334000,45,2017-11-29
混剪晓佳,319000,1,2017-11-30
混剪晓佳,319000,2,2017-11-30
茶壶呀,720000,1,2017-12-04
茶壶呀,720000,2,2017-12-04
亚泽Eric,9531,26,2017-12-04
茶壶呀,720000,3,2017-12-04
止水湖的止水,152000,1,2017-12-05
AudreyYLW,36000,1,2017-12-06
AmazedX,196000,1,2017-12-07
Abn0man,16000,1,2017-12-07
微笑_幻,14000,1,2017-12-11
亚泽Eric,7078,27,2017-12-11
爱睡觉の呆呆兽,393000,1,2017-12-11
泡吧TV,32000,1,2017-12-12
糖炒痞子,134000,1,2017-12-14
泡吧TV,173000,2,2017-12-15
治不好的钉宫癌丶,278000,1,2017-12-15
亚泽Eric,9077,28,2017-12-25
David_Shih,30000,1,2017-12-26
亚泽Eric,12000,29,2017-12-31
大胖OR小胖,12000,1,2018-01-01
惟奕Sve,9230,1,2018-01-02
熊猫大佬的不朽缰绳,394000,1,2018-01-03
来烤乳猪嗎,43000,1,2018-01-03
来烤乳猪嗎,48000,2,2018-01-03
大胖OR小胖,15000,2,2018-01-03
熊猫大佬的不朽缰绳,394000,2,2018-01-03
挥刀的刺客君,228000,1,2018-01-04
轻十月,189000,1,2018-01-05
Exelan,193000,10,2018-01-06
千禧公园,32000,1,2018-01-06
叫我棉被,129000,1,2018-01-07
亚泽Eric,12000,30,2018-01-08
哔哩哔哩游戏中心,426000,1,2018-01-11
夜袭yEx1,26000,1,2018-01-13
千葉型DJ,437000,1,2018-01-13
亚泽Eric,14000,31,2018-01-17
ROGERprod,47000,1,2018-01-20
I青乔I,23000,1,2018-01-22
亚泽Eric,14000,32,2018-01-22
无才说,29000,1,2018-01-26
CGIDEA,117000,1,2018-01-27
三只棕熊,17000,1,2018-01-27
陌無欺Ankh,249000,1,2018-01-27
亚泽Eric,20000,33,2018-01-29
沼泽林夕,128000,1,2018-02-02
刘海帅气男孩,545000,1,2018-02-04
铭记未来P,17000,1,2018-02-06
亚泽Eric,9051,34,2018-02-06
熊猫大佬的不朽缰绳,144000,3,2018-02-11
喃兑啊内,47000,46,2018-02-13
鼻子上的蚂蚁AoN,91000,2,2018-02-14
Jamejobs尚帝,15000,1,2018-02-15
千禧公园,60000,2,2018-02-22
魑魅小黑,843000,1,2018-02-23
诡家族长,9850,1,2018-02-23
泡吧TV,40000,3,2018-02-27
泡吧TV,74000,4,2018-03-01
KanaheiWu,13000,1,2018-03-01
游宝物,128000,1,2018-03-01
Takumi86brz,24000,1,2018-03-03
Takumi86brz,23000,2,2018-03-04
亚泽Eric,7568,35,2018-03-05
炉石传说控,156000,1,2018-03-07
OST好评,44000,1,2018-03-07
乐仔V,93000,1,2018-03-11
蓝礼y,11000,1,2018-03-12
网易爱玩网,20000,1,2018-03-16
钟小苗,43000,1,2018-03-17
三棵树下老科学,325000,7,2018-03-17
泡吧TV,153000,5,2018-03-20
鼻子上的蚂蚁AoN,88000,3,2018-03-22
柔弱无锋,10000,1,2018-03-22
三棵树下老科学,155000,8,2018-03-24
两.仪.织,85000,1,2018-03-30
诙谐的小伙伴,12000,1,2018-04-01
红烧小茄子丶,182000,1,2018-04-02
红烧小茄子丶,182000,2,2018-04-02
柔弱无锋,11000,2,2018-04-03
红烧小茄子丶,53000,3,2018-04-04
散尽尐余温,36000,1,2018-04-04
三棵树下老科学,138000,9,2018-04-05
熊猫大佬的不朽缰绳,168000,4,2018-04-05
泡吧TV,19000,6,2018-04-05
熊猫大佬的不朽缰绳,168000,5,2018-04-05
游民星空官方,57000,4,2018-04-06
鼻子上的蚂蚁AoN,178000,4,2018-04-06
喃兑啊内,11000,47,2018-04-07
好好吃短视频,6661,1,2018-04-09
仙本娜Semporna,410000,1,2018-04-10
柔弱无锋,18000,3,2018-04-14
亚泽Eric,7659,36,2018-04-14
SneakersTV,12000,1,2018-04-14
銀の契約者,106000,1,2018-04-16
Jamejobs尚帝,14000,2,2018-04-17
泡吧TV,21000,7,2018-04-19
小口八,9979,1,2018-04-19
Fly的大狗,207000,1,2018-04-21
BPB工作室,180000,1,2018-04-26
llll_ddld,9093,1,2018-04-27
东风洗脚盆,118000,1,2018-04-28
东风洗脚盆,118000,2,2018-04-28
时过人迁小六,201000,1,2018-04-29
亚泽Eric,7273,37,2018-04-29
时过人迁小六,201000,2,2018-04-29
卡德加不在家,79000,1,2018-05-02
啸山林虎,23000,1,2018-05-02
三棵树下老科学,264000,10,2018-05-06
熊猫大佬的不朽缰绳,87000,6,2018-05-06
流云渡水,28000,1,2018-05-06
三棵树下老科学,264000,11,2018-05-06
西法喵,2742,1,2018-05-07
JK甜酒果一生摯AI,8045,1,2018-05-07
亚泽Eric,6107,38,2018-05-09
泡吧TV,190000,8,2018-05-10
张新村,196000,1,2018-05-12
一个只传足球篮球的up,210000,1,2018-05-12
张新村,196000,2,2018-05-12
黒蓮陆也,96000,1,2018-05-16
麦克疯说电影,174000,1,2018-05-16
凛冽寒风5866,133000,1,2018-05-19
亚泽Eric,8565,39,2018-05-21
凉凉欧巴,21000,1,2018-05-28
亚泽Eric,5801,40,2018-05-29
也君GodBlossom,8800,1,2018-05-31
李呼一的眼褶子,15000,1,2018-06-03
苏醒的小土豆,29000,1,2018-06-05
亚泽Eric,7678,41,2018-06-05
Alph流火,8714,1,2018-06-05
三棵树下老科学,273000,12,2018-06-07
三棵树下老科学,131000,13,2018-06-07
JK甜酒果一生摯AI,88000,2,2018-06-07
三棵树下老科学,273000,14,2018-06-07
WSasdfh炮猫,90000,1,2018-06-08
魔兽后裔会长110,179000,1,2018-06-09
鼻子上的蚂蚁AoN,150000,5,2018-06-10
木子与弓长252,63000,1,2018-06-13
木子与弓长252,63000,2,2018-06-13
小哥你好赞,10000,1,2018-06-13
Apathy丶清梦,122000,1,2018-06-14
草莓叶mua,66000,1,2018-06-17
唐川大挑战,11000,1,2018-06-18
小鲜在江湖,51000,1,2018-06-20
今晚吃魔王,333000,1,2018-06-21
耳东东陈陈,35000,1,2018-06-22
凤凰科技,20000,1,2018-06-22
DIY纸板达人,7967,1,2018-06-22
DIY纸板达人,25000,2,2018-06-23
DIY纸板达人,20000,3,2018-06-23
龙背上の膝盖君,143000,1,2018-06-25
DIY纸板达人,18000,4,2018-06-26
亚泽Eric,7688,42,2018-06-28
夏一可,1301000,25,2018-06-29
夏一可,1301000,26,2018-06-29
燃烧的熊猫yo,94000,1,2018-07-01
亚泽Eric,13000,43,2018-07-05
水爱,9536,1,2018-07-07
请叫我昃学家,224000,1,2018-07-07
静静的DVA,32000,1,2018-07-10
亚泽Eric,7944,44,2018-07-12
网易暴雪游戏视频,80000,12,2018-07-13
sostitanshenyao,19000,1,2018-07-13
期盼着明天,131000,1,2018-07-15
璐希菲爾,10000,1,2018-07-15
期盼着明天,131000,2,2018-07-15
熊猫大佬的不朽缰绳,214000,7,2018-07-15
阿尔利丹-地狱咆哮,206000,1,2018-07-16
阿尔利丹-地狱咆哮,149000,2,2018-07-16
璐希菲爾,12000,2,2018-07-16
阿尔利丹-地狱咆哮,206000,3,2018-07-16
网易暴雪游戏视频,100000,13,2018-07-17
魔兽世界中文维基,103000,1,2018-07-17
诙谐的小伙伴,83000,2,2018-07-17
魔兽后裔会长110,324000,2,2018-07-17
礼我说,91000,1,2018-07-18
微笑的阿諾,105000,1,2018-07-18
萝芙薇娅,337000,1,2018-07-19
糖炒痞子,118000,2,2018-07-19
狞獾级,104000,1,2018-07-19
SOLE履程,34000,1,2018-07-19
KanaheiWu,9361,2,2018-07-19
萝芙薇娅,337000,2,2018-07-19
龙背上の膝盖君,262000,2,2018-07-20
Tdogegg,38000,1,2018-07-20
揉瓶子Official,34000,1,2018-07-20
璐希菲爾,7909,3,2018-07-20
龙背上の膝盖君,262000,3,2018-07-20
糖炒痞子,271000,3,2018-07-21
妖怪目,67000,1,2018-07-21
糖炒痞子,271000,4,2018-07-21
文游两开花,151000,1,2018-07-22
文游两开花,39000,2,2018-07-22
璐希菲爾,15000,4,2018-07-22
文游两开花,151000,3,2018-07-22
糖炒痞子,272000,5,2018-07-23
幻海幽幽,41000,1,2018-07-23
亚泽Eric,8167,45,2018-07-23
08HJ,3936,1,2018-07-23
M4与烧火棍,7503,1,2018-07-23
糖炒痞子,272000,6,2018-07-23
Muskle,429000,1,2018-07-24
龙背上の膝盖君,98000,4,2018-07-24
卡德加不在家,86000,2,2018-07-24
Muskle,429000,2,2018-07-24
Chan筱,496000,1,2018-07-25
揉瓶子Official,14000,2,2018-07-25
Chan筱,496000,2,2018-07-25
妖怪目,232000,2,2018-07-26
网易暴雪游戏视频,72000,14,2018-07-26
一手电竞报,77000,1,2018-07-26
dynamas,27000,1,2018-07-26
dynamas,12000,2,2018-07-26
妖怪目,232000,3,2018-07-26
糖炒痞子,410000,7,2018-07-27
幻羽辰空,76000,1,2018-07-27
豆瓣火箭少女研究所,72000,1,2018-07-27
Aerkaluodes,28000,1,2018-07-27
果果若是师某人,31000,1,2018-07-27
牧夏MUXIA,24000,1,2018-07-27
揉瓶子Official,13000,3,2018-07-27
糖炒痞子,410000,8,2018-07-27
牧夏MUXIA,8293,2,2018-07-28
揉瓶子Official,7221,4,2018-07-28
M恩赐解脱C,99000,1,2018-07-29
果果若是师某人,11000,2,2018-07-29
法尔·重炮,7366,1,2018-07-29
莉莎娜,433000,1,2018-07-29
阿尔托利亚一潘德拉贡,103000,1,2018-07-29
小强凌凌柒,431000,1,2018-07-29
揉瓶子Official,16000,5,2018-07-30
M恩赐解脱C,21000,2,2018-07-31
揉瓶子Official,8951,6,2018-07-31
AneMoeMian,78000,1,2018-08-01
熊猫大佬的不朽缰绳,143000,8,2018-08-01
丨Minge,172000,1,2018-08-02
丧心病狂的神大人K,92000,3,2018-08-02
网易暴雪游戏视频,80000,15,2018-08-02
Moodybluess,53000,1,2018-08-02
丨Minge,172000,2,2018-08-02
网易暴雪游戏视频,663000,16,2018-08-03
空零不改名,115000,1,2018-08-03
亚尔维,61000,1,2018-08-03
了不起的埃斯比,15000,1,2018-08-03
网易暴雪游戏视频,663000,17,2018-08-03
熊猫大佬的不朽缰绳,166000,9,2018-08-03
爽扬Soyoung,6452,1,2018-08-04
kazenolalalala,99000,1,2018-08-05
哎呀淞淞,190000,1,2018-08-05
主播圈事件,79000,1,2018-08-05
李家贰少奶奶,65000,1,2018-08-05
揉瓶子Official,10000,7,2018-08-05
哎呀淞淞,190000,2,2018-08-05
普通直拳,132000,1,2018-08-06
龙背上の膝盖君,116000,5,2018-08-06
4K游戏频道,38000,1,2018-08-06
M恩赐解脱C,12000,3,2018-08-06
普通直拳,132000,2,2018-08-06
白河s,140000,1,2018-08-07
StandByYourSide,184000,1,2018-08-07
迷妹本妹,30000,1,2018-08-07
三棵树下老科学,445000,15,2018-08-08
李家贰少奶奶,57000,2,2018-08-08
鼻子上的蚂蚁AoN,53000,6,2018-08-08
揉瓶子Official,12000,8,2018-08-08
三棵树下老科学,445000,16,2018-08-08
是阿狸呀,161000,1,2018-08-08
YellowDi,94000,1,2018-08-09
网易暴雪游戏视频,109000,18,2018-08-09
傲幽,45000,1,2018-08-09
九点一十二,65000,1,2018-08-10
武卫karasu,11000,1,2018-08-12
夏一可,329000,27,2018-08-12
惑月流年_,69000,1,2018-08-12
暴风铁卫,83000,1,2018-08-13
假面骑士小梦,71000,1,2018-08-13
霹蛋精,64000,1,2018-08-13
鼻子上的蚂蚁AoN,236000,7,2018-08-14
游戏X博士,171000,1,2018-08-14
鼻子上的蚂蚁AoN,158000,8,2018-08-14
乐小圈,124000,1,2018-08-14
道尔顿的蜜妮安,119000,1,2018-08-14
道尔顿的蜜妮安,92000,2,2018-08-14
鼻子上的蚂蚁AoN,89000,9,2018-08-14
鼻子上的蚂蚁AoN,81000,10,2018-08-14
豚首电竞,11000,1,2018-08-14
鼻子上的蚂蚁AoN,236000,11,2018-08-14
游戏X博士,171000,2,2018-08-14
鼻子上的蚂蚁AoN,158000,12,2018-08-14
钢铁超人马斯克,286000,1,2018-08-15
万能的师弟,152000,1,2018-08-15
上古玩家肉肉,73000,1,2018-08-15
璐希菲爾,89000,5,2018-08-15
波流音,11000,1,2018-08-15
没有头的学姐,19000,1,2018-08-15
抱枕枕枕枕枕头w,18000,1,2018-08-15
钢铁超人马斯克,286000,2,2018-08-15
万能的师弟,152000,2,2018-08-15
芒果冰OL,961000,1,2018-08-16
钢铁超人马斯克,231000,3,2018-08-16
漠☆漠,137000,1,2018-08-16
菇力帕君,88000,1,2018-08-16
A路人,74000,1,2018-08-16
傲幽,9381,2,2018-08-16
芒果冰OL,961000,2,2018-08-16
逗川kshadow,357000,1,2018-08-16
钢铁超人马斯克,231000,4,2018-08-16
漠☆漠,137000,2,2018-08-16
菇力帕君,88000,2,2018-08-16
鼻子上的蚂蚁AoN,258000,13,2018-08-17
泡吧TV,145000,9,2018-08-17
Hocules,50000,1,2018-08-17
揉瓶子Official,19000,9,2018-08-17
鼻子上的蚂蚁AoN,258000,14,2018-08-17
泡吧TV,145000,10,2018-08-17
熊猫大佬的不朽缰绳,136000,10,2018-08-18
鼻子上的蚂蚁AoN,57000,15,2018-08-18
洋葱可乐2018,22000,1,2018-08-18
血泪wowow,2947,1,2018-08-18
龙背上の膝盖君,745000,6,2018-08-18
二次元小百科,222000,1,2018-08-18
暴风铁卫,66000,2,2018-08-19
M恩赐解脱C,66000,4,2018-08-19
慕光Light,13000,1,2018-08-19
野原新之波,376000,1,2018-08-19
张徐晓,161000,1,2018-08-20
豚首电竞,13000,2,2018-08-20
张徐晓,161000,2,2018-08-20
直视深淵,63000,1,2018-08-21
律律酱吖,120000,1,2018-08-22
卡德加不在家,78000,3,2018-08-22
Sans_KK,233000,1,2018-08-23
Sans_KK,233000,2,2018-08-23
揉瓶子Official,10000,10,2018-08-24
三棵树下老科学,410000,17,2018-08-25
泡吧TV,130000,11,2018-08-25
三棵树下老科学,410000,18,2018-08-25
法尔·重炮,64000,2,2018-08-26
直视深淵,58000,2,2018-08-26
LeftMK,119000,1,2018-08-26
揉瓶子Official,8460,11,2018-08-26
奶茶超人,54000,1,2018-08-27
糖炒痞子,58000,9,2018-08-27
奶茶超人,83000,2,2018-08-28
暴风铁卫,62000,3,2018-08-28
蛋耍电竞,36000,1,2018-08-28
Cheezusology,11000,1,2018-08-28
蛋耍电竞,8522,2,2018-08-28
Ss爸老于,206000,1,2018-08-29
孤独的深蓝_,60000,1,2018-08-29
钉子是病娇,55000,1,2018-08-29
白痴毛,39000,1,2018-08-29
M恩赐解脱C,6434,5,2018-08-29
Ss爸老于,206000,2,2018-08-29
OTATO_martin,213000,1,2018-08-30
律律酱吖,12000,2,2018-08-30
OTATO_martin,213000,2,2018-08-30
这个奶妈可以莽,92000,1,2018-08-31
妖怪目,81000,4,2018-08-31
鼻子上的蚂蚁AoN,8530,16,2018-08-31
揉瓶子Official,19000,12,2018-09-03
妖怪目,136000,5,2018-09-04
妖怪目,136000,6,2018-09-04
暴风铁卫,47000,4,2018-09-05
蛋耍电竞,22000,3,2018-09-05
Moodybluess,38000,2,2018-09-06
I_m_Muse,8453,1,2018-09-07
卡菲尔撒,29000,1,2018-09-08
卡菲尔撒,11000,2,2018-09-08
蛋耍电竞,51000,4,2018-09-09
爽扬Soyoung,53000,2,2018-09-10
妖怪目,73000,7,2018-09-10
妖怪目,56000,8,2018-09-11
三棵树下老科学,163000,19,2018-09-12
三棵树下老科学,163000,20,2018-09-12
Moodybluess,93000,3,2018-09-14
AKA你贝嫂,865000,1,2018-09-14
听wo姐说,175000,1,2018-09-15
直视深淵,116000,3,2018-09-16
蛋耍电竞,92000,5,2018-09-16
pcyxjy,71000,1,2018-09-17
friedmango,21000,1,2018-09-17
珍珠乌龙奶茶,7329,1,2018-09-18
鼻子上的蚂蚁AoN,242000,17,2018-09-19
妖怪目,109000,9,2018-09-19
DN不是豆奶,94000,1,2018-09-19
自媒如是说,57000,1,2018-09-19
鼻子上的蚂蚁AoN,242000,18,2018-09-19
游戏X博士,86000,3,2018-09-20
神御名谷,418000,1,2018-09-20
风云027,35000,1,2018-09-20
魑魅小黑,131000,2,2018-09-21
1号玩家1GAMER,73000,1,2018-09-21
西瓜汁的白菜,36000,1,2018-09-21
冇嘢睇,60000,1,2018-09-21
GP81每日KPOP,34000,1,2018-09-21
KPOP高清LIVE,18000,1,2018-09-21
百度RedVelvet吧,15000,1,2018-09-21
宋雨琦的爱情之箭,10000,1,2018-09-21
揉瓶子Official,9881,13,2018-09-21
韶华有情千寻飞,7300,1,2018-09-21
GP81每日KPOP,6255,2,2018-09-21
揉瓶子Official,6727,14,2018-09-21
魑魅小黑,131000,3,2018-09-21
姜涩琪的品客,19000,1,2018-09-22
动次大次酱,17000,1,2018-09-22
九点一十二,125000,2,2018-09-22
DN不是豆奶,135000,2,2018-09-23
Erika黑猫,19000,1,2018-09-23
阿豆不圆圆,12000,1,2018-09-23
DN不是豆奶,135000,3,2018-09-23
仇球球的小号,9009,1,2018-09-24
这里是KOKO,64000,1,2018-09-24
花逗逗17,119000,1,2018-09-25
把我往死里奶,236000,1,2018-09-26
百度RedVelvet吧,14000,2,2018-09-26
pcyxjy,14000,2,2018-09-26
losst-,13000,1,2018-09-26
KPOP高清LIVE,7938,2,2018-09-26
BaiDu_全昭妍吧,7864,1,2018-09-26
游戏风云直播,57000,1,2018-09-27
pcyxjy,18000,3,2018-09-27
panpiano,155000,1,2018-09-27
孤独的深蓝_,133000,2,2018-09-28
酸47,58000,1,2018-09-28
一一_xy99,33000,1,2018-09-28
BaiDu_全昭妍吧,29000,2,2018-09-28
GFriend搬家搬家公司,22000,1,2018-09-28
GP81每日KPOP,17000,3,2018-09-28
GP81每日KPOP,13000,4,2018-09-28
小芋头很好吃,6479,1,2018-09-28
仁显王后的男人,6955,1,2018-09-28
姜涩琪的品客,5568,2,2018-09-28
孤独的深蓝_,133000,3,2018-09-28
NasDa,38000,1,2018-09-29
孤独的深蓝_,108000,4,2018-09-29
Moodybluess,35000,4,2018-09-29
GP81每日KPOP,20000,5,2018-09-29
Risoto,18000,1,2018-09-29
花逗逗17,50000,2,2018-09-30
ojbk小队,29000,1,2018-09-30
-藿香正气zhui好喝,8595,1,2018-09-30
VennaChen_VC,8841,1,2018-09-30
-Queenie-Wuuuu,8393,1,2018-09-30
_Tianサン,37000,1,2018-10-01
wenreneszd,21000,1,2018-10-01
哆啦不懂A梦的忧伤,13000,1,2018-10-01
whatCHUdo,15000,1,2018-10-01
面NooD,10000,1,2018-10-01
onlooker小楚婷,12000,1,2018-10-01
芥末社长,169000,1,2018-10-01
冇嘢睇,28000,2,2018-10-02
所以Sumo,13000,1,2018-10-02
老管子游戏,132000,1,2018-10-03
Beeneed更衣室,5345,1,2018-10-03
一弹弹弹一,3930,1,2018-10-03
俊孩玄晔,341000,1,2018-10-03
老管子游戏,132000,2,2018-10-03
LO尤物,15000,1,2018-10-04
losst-,9685,2,2018-10-04
肉肉のsjyjackson,23000,1,2018-10-05
VivianS郡主,11000,1,2018-10-05
linghung22,5918,1,2018-10-05
圆一Reaction,9006,1,2018-10-06
春几YURA,28000,1,2018-10-07
小鸟BirBir,7513,1,2018-10-07
礼我说,98000,2,2018-10-08
直男静,11000,1,2018-10-08
沉默的羔羊666,7427,1,2018-10-08
吮指原味吉良吉影,8716,1,2018-10-08
多肉DuoRou-,6154,1,2018-10-08
SNOWFLAKE-,15000,1,2018-10-09
咕噜噜风小间,11000,3,2018-10-09
losst-,5464,3,2018-10-09
苏司喵susiemeoww,37000,1,2018-10-10
吮指原味吉良吉影,24000,2,2018-10-10
扬扬扬头发糊一脸,20000,1,2018-10-10
吮指原味吉良吉影,9919,3,2018-10-10
熊猫大佬的不朽缰绳,58000,11,2018-10-11
KanaheiWu,7973,3,2018-10-11
妖怪目,51000,10,2018-10-12
Risoto,30000,2,2018-10-12
单色舞蹈学校,12000,1,2018-10-12
四十二又十三,66000,1,2018-10-13
鲜榨的柠檬,49000,1,2018-10-13
Vivian舞舞舞,36000,1,2018-10-13
南舞团官方账号,22000,1,2018-10-13
想留络腮胡,6085,1,2018-10-13
礼我说,148000,3,2018-10-15
御坂19209,23000,1,2018-10-15
-Funtime-,351000,1,2018-10-15
礼我说,148000,4,2018-10-15
雪漫车库,156000,1,2018-10-16
南相,23000,1,2018-10-16
JohnsonSid,7869,1,2018-10-16
西卡ssica,6139,1,2018-10-16
电玩东哥,384000,1,2018-10-16
夏一可,333000,28,2018-10-16
雪漫车库,156000,2,2018-10-16
这个子冰有点冷丶,133000,1,2018-10-16
礼我说,193000,5,2018-10-18
礼我说,193000,6,2018-10-18
亚泽Eric,6171,46,2018-10-20
芥末社长,78000,2,2018-10-20
阿尔利丹-地狱咆哮,52000,4,2018-10-21
阿妹Amazing,19000,1,2018-10-21
STN工作室,101000,3,2018-10-21
熊猫大佬的不朽缰绳,44000,12,2018-10-22
SMILE舞蹈工作室,7920,1,2018-10-22
BaiDu_全昭妍吧,6907,3,2018-10-22
电玩东哥,429000,2,2018-10-22
伍天与弟弟,145000,1,2018-10-22
金杯曼舞,181000,1,2018-10-22
中年吐槽组,48000,1,2018-10-24
油腻的张校长,10000,1,2018-10-24
Badykey悦子,24000,1,2018-10-25
Badykey悦子,12000,2,2018-10-25
鸿元素,7182,1,2018-10-25
熊猫大佬的不朽缰绳,51000,13,2018-10-26
可爱奈酱,122000,1,2018-10-26
NasDa,98000,2,2018-10-27
妖怪目,97000,11,2018-10-27
四十二又十三,39000,2,2018-10-28
Www-ww,59000,1,2018-10-28
喃兑啊内,120000,48,2018-10-28
联盟单身狗,88000,1,2018-10-30
七线谱正号,104000,1,2018-10-31
春几YURA,11000,2,2018-10-31
九一四BIU,6933,1,2018-10-31
徐秀珍的女人,4126,1,2018-10-31
礼我说,123000,7,2018-11-01
亚泽Eric,9225,47,2018-11-01
礼我说,123000,8,2018-11-01
四十二又十三,38000,3,2018-11-02
小噴火龍,4633,1,2018-11-02
夜叶真的没钱了,455000,1,2018-11-03
网易暴雪游戏视频,444000,19,2018-11-03
网易暴雪游戏视频,304000,20,2018-11-03
鼻子上的蚂蚁AoN,149000,19,2018-11-03
孤独的深蓝_,127000,5,2018-11-03
苹果牛GG,67000,1,2018-11-03
鼻子上的蚂蚁AoN,56000,20,2018-11-03
NGA玩家社区,56000,3,2018-11-03
bigfun毕方,27000,1,2018-11-03
小KooK,15000,1,2018-11-03
拉夫塔丽雅,11000,1,2018-11-03
最高画质收藏家G,6439,1,2018-11-03
OST好评,435000,2,2018-11-03
天星者,82000,1,2018-11-03
网易暴雪游戏视频,593000,21,2018-11-03
特派员963,632000,1,2018-11-03
网易暴雪游戏视频,426000,22,2018-11-03
网易暴雪游戏视频,444000,23,2018-11-03
夜叶真的没钱了,455000,2,2018-11-03
网易暴雪游戏视频,304000,24,2018-11-03
球叔,328000,1,2018-11-03
小呀咿呀果果哟,279000,1,2018-11-03
网易暴雪游戏视频,215000,25,2018-11-03
图得生,215000,1,2018-11-03
DN不是豆奶,182000,4,2018-11-03
2瑞雯3,159000,1,2018-11-03
鼻子上的蚂蚁AoN,149000,21,2018-11-03
耳朵reco,129000,1,2018-11-03
孤独的深蓝_,127000,6,2018-11-03
遗风,63000,2,2018-11-04
糖炒痞子,64000,10,2018-11-04
卡德加不在家,69000,4,2018-11-04
最最最正经的THUNDER,36000,1,2018-11-04
微笑的小板牙,5686,1,2018-11-04
遗风,63000,3,2018-11-04
可颂三明治,408000,1,2018-11-04
周老师zzr,43000,1,2018-11-06
蛋耍电竞,32000,6,2018-11-06
小仙女金泫雅,7633,1,2018-11-06
糖炒痞子,65000,11,2018-11-07
卡巴哇,59000,1,2018-11-07
XCin_,117000,3,2018-11-08
MrFATC0CK,24000,1,2018-11-08
跳跳舞蹈官方,8724,1,2018-11-08
熊猫大佬的不朽缰绳,124000,14,2018-11-08
游戏X博士,119000,4,2018-11-09
律律酱吖,50000,3,2018-11-09
律律酱吖,50000,4,2018-11-09
小小柴0125,5550,1,2018-11-09
游戏X博士,119000,5,2018-11-09
朕即天命之子,157000,1,2018-11-10
塔拉麦热炸了,79000,1,2018-11-10
真纪,42000,1,2018-11-10
四十二又十三,40000,4,2018-11-10
朕即天命之子,157000,2,2018-11-10
Thundermighty,75000,1,2018-11-11
XCin_,45000,4,2018-11-11
Thundermighty,75000,2,2018-11-11
DN不是豆奶,141000,5,2018-11-11
礼我说,74000,9,2018-11-12
亚泽Eric,4385,48,2018-11-12
喃兑啊内,129000,49,2018-11-12
洋葱可乐2018,17000,2,2018-11-13
唯野空,8176,1,2018-11-13
生活就是画画画,269000,1,2018-11-13
CME6大神犬,38000,1,2018-11-14
见余,4949,1,2018-11-14
老油条说,114000,1,2018-11-15
做好死不留命,80000,1,2018-11-16
请勇敢请坚强,20000,1,2018-11-16
汉汉真是太厉害辣,173000,1,2018-11-16
DN不是豆奶,104000,6,2018-11-16
VK棒棒鸡,17000,1,2018-11-18
李家贰少奶奶,25000,3,2018-11-19
嗯呐朱莉,27000,1,2018-11-19
圭贤1920,4770,1,2018-11-19
小噴火龍,3895,2,2018-11-19
脚滑的冒险者,142000,1,2018-11-20
脚滑的冒险者,142000,2,2018-11-20
侠踪魅影,91000,1,2018-11-21
二次元小百科,30000,2,2018-11-23
诙谐的小伙伴,6951,3,2018-11-23
禁飞时空,67000,1,2018-11-24
蛋耍电竞,16000,7,2018-11-24
jsy20041103,12000,1,2018-11-24
niconicoMMD,2892,1,2018-11-25
天很蓝乌云太厚,6515,1,2018-11-25
地狱霹雳火,4703,1,2018-11-25
鼻子上的蚂蚁AoN,782000,22,2018-11-25
科幻梦工场,173000,1,2018-11-25
影月猎人,51000,1,2018-11-26
律律酱吖,44000,5,2018-11-26
艾什凡女勋爵,56000,1,2018-11-27
蛋耍电竞,17000,8,2018-11-28
吞拿鱼饭团,3589,1,2018-11-28
我喜欢唱跳Rap嗷,200000,1,2018-11-29
四十二又十三,42000,5,2018-11-30
妖怪目,66000,12,2018-12-01
XCin_,122000,5,2018-12-01
足球故事-李治霖,82000,1,2018-12-02
夏一可,1194000,29,2018-12-03
科学声音,8766,1,2018-12-03
夏一可,1194000,30,2018-12-03
电玩东哥,121000,3,2018-12-04
禁飞时空,56000,2,2018-12-05
JohnsonSid,4109,2,2018-12-05
绘画大触,4849,1,2018-12-06
heyeon,4209,1,2018-12-07
四十二又十三,45000,6,2018-12-09
UaenaTV,13000,1,2018-12-09
网易暴雪游戏视频,95000,26,2018-12-10
炒鸡大松果,10000,1,2018-12-10
蛋耍电竞,6257,9,2018-12-10
网易暴雪游戏视频,95000,27,2018-12-10
诙谐的小伙伴,6330,4,2018-12-11
笑脸麦客11,106000,1,2018-12-12
原来是坡里,6743,1,2018-12-12
笑脸麦客11,106000,2,2018-12-12
网易暴雪游戏视频,38000,28,2018-12-13
洋葱可乐2018,97000,3,2018-12-13
荣耀手机,21000,1,2018-12-13
NFU玩家社区,9397,1,2018-12-13
律律酱吖,47000,6,2018-12-14
Henry-Lau是才华的华啊,4027,1,2018-12-14
糖炒痞子,66000,12,2018-12-16
xbdxyy,5238,1,2018-12-16
中年吐槽组,115000,2,2018-12-18
GFriend搬家搬家公司,57000,2,2018-12-19
GFriend搬家搬家公司,49000,3,2018-12-19
葡萄你删号吧,4705,1,2018-12-19
老油条说,88000,2,2018-12-20
Thundermighty,34000,3,2018-12-21
Anyuchar,4074,1,2018-12-21
拾叶不识花,6074,1,2018-12-22
来自异界虚空の,3851,1,2018-12-22
四十二又十三,21000,7,2018-12-23
营养怪兽,12000,1,2018-12-24
暴雪游戏频道,91000,1,2018-12-25
蓝天上的流云,47000,1,2018-12-25
追风少年李全友,5151,1,2018-12-25
暴雪游戏频道,91000,2,2018-12-25
雀斑一针,40000,1,2018-12-26
月影歌,72000,1,2018-12-27
bbcchu,8980,1,2018-12-28
天然的木偶君,8224,1,2018-12-28
无颜月痕,62000,1,2018-12-29
中年吐槽组,23000,3,2018-12-29
芥末社长,55000,3,2018-12-29
萌七七啾咪,14000,1,2018-12-29
音乐小番薯,10000,1,2018-12-29
我不是皮卡丘233,6438,1,2018-12-29
YuzuLIM,4365,1,2018-12-30
AMD-菜鸟小白菌,4443,1,2018-12-30
_坂田安安_,26000,1,2018-12-31
NasDa,30000,3,2018-12-31
咸鱼绘画画,23000,1,2018-12-31
kurtknispel,120000,1,2018-12-31
红猫耳,293000,1,2019-01-01
柒水君,142000,1,2019-01-01
暴雪游戏频道,48000,3,2019-01-02
大世界萨,53000,1,2019-01-02
魔兽怀旧旋风,12000,1,2019-01-02
熊猫大佬的不朽缰绳,40000,15,2019-01-03
幼龙保护协会,30000,1,2019-01-03
快乐病毒Littlegao,3477,1,2019-01-04
四十二又十三,43000,8,2019-01-05
简是殿下的澈,106000,1,2019-01-06
Kidsplanet宝贝行星,8252,1,2019-01-06
简是殿下的澈,106000,2,2019-01-06
恐虐_Nurgle,72000,1,2019-01-08
暴雪游戏频道,40000,4,2019-01-08
大厨哥解说,4235,1,2019-01-08
随义のfreely,48000,1,2019-01-08
恐虐_Nurgle,72000,2,2019-01-08
芒果咖啡店,61000,1,2019-01-09
污污污表哥,4908,1,2019-01-09
妖怪目,56000,13,2019-01-10
大厨哥解说,7598,2,2019-01-10
DN不是豆奶,144000,7,2019-01-10
BB姬Studio,85000,1,2019-01-11
DN不是豆奶,85000,8,2019-01-11
星光剑影,81000,1,2019-01-11
天很蓝乌云太厚,17000,2,2019-01-12
王师傅直播录制猿,5546,1,2019-01-12
DN不是豆奶,103000,9,2019-01-13
zhangems,3939,1,2019-01-14
哦漏QAQ,119000,1,2019-01-14
暴雪游戏频道,29000,5,2019-01-15
kiss_sam昊昊,20000,1,2019-01-15
冷面Lim,316000,1,2019-01-15
半吨测评-Halfton,22000,1,2019-01-16
神御名谷,48000,2,2019-01-16
简易活动假人,169000,1,2019-01-17
星际老男孩,91000,1,2019-01-17
四十二又十三,18000,9,2019-01-18
网易暴雪游戏视频,32000,29,2019-01-18
泡吧TV,36000,12,2019-01-18
Bumpkin六便士,21000,1,2019-01-18
原来是坡里,5749,2,2019-01-18
瓶子最爱双马尾,11000,1,2019-01-19
魔兽后裔,471000,1,2019-01-19
小BIUBIUBIU啊,159000,1,2019-01-19
Aimoti,144000,1,2019-01-21
周老师zzr,100000,2,2019-01-21
zhangems,17000,2,2019-01-21
Aimoti,144000,2,2019-01-21
周老师zzr,100000,3,2019-01-21
1MILLION_OFFICIAL,20000,1,2019-01-22
暴雪游戏频道,28000,6,2019-01-23
快传体育,4380,1,2019-01-23
九五二七乄,3560,1,2019-01-23
喃兑啊内,198000,50,2019-01-23
魔兽后裔,169000,2,2019-01-23
江苏-浙江-福建,17000,1,2019-01-24
刘老师说电影,348000,1,2019-01-24
DN不是豆奶,101000,10,2019-01-24
艾泽拉斯情报局,44000,1,2019-01-25
丁一宁丁一宁,39000,1,2019-01-25
妖怪目,30000,14,2019-01-25
SupBro中国,75000,1,2019-01-25
艾泽拉斯情报局,44000,2,2019-01-25
子木-i,66000,1,2019-01-26
爱睡觉的加菲熊,49000,1,2019-01-26
糖炒痞子,12000,13,2019-01-26
cuk1032,6787,1,2019-01-26
子木-i,66000,2,2019-01-26
聚印象视频,85000,1,2019-01-27
摩佑,136000,1,2019-01-28
中年吐槽组,28000,4,2019-01-28
東東東咚咚,4689,1,2019-01-28
摩佑,136000,2,2019-01-28
阿阿阿汤不会做视频,119000,1,2019-01-29
鼻子上的蚂蚁AoN,53000,23,2019-01-29
ENZO1204,57000,1,2019-01-30
WEN鞋评,5797,1,2019-01-30
喃兑啊内,76000,51,2019-01-30
草莓吃金刚,10000,1,2019-01-31
哦哦哦圈,5056,1,2019-02-01
糖炒痞子,40000,14,2019-02-03
艾泽拉斯情报局,92000,3,2019-02-03
羿神射,86000,2,2019-02-03
艺升先生,66000,1,2019-02-03
羿神射,86000,3,2019-02-03
XCin_,37000,6,2019-02-03
五斤二两_,5652,1,2019-02-03
糖炒痞子,40000,15,2019-02-03
艾泽拉斯情报局,92000,4,2019-02-03
羿神射,86000,4,2019-02-03
艺升先生,66000,2,2019-02-03
艺升先生,88000,3,2019-02-04
脚滑的冒险者,43000,3,2019-02-04
艺升先生,88000,4,2019-02-04
神奇哒小怪兽,25000,1,2019-02-05
霉粉本粉惹,3778,1,2019-02-05
Akvicor,20000,1,2019-02-06
艺升先生,454000,5,2019-02-06
艺升先生,454000,6,2019-02-06
DN不是豆奶,163000,11,2019-02-06
设计小教室,2666,1,2019-02-07
喃兑啊内,107000,52,2019-02-07
四十二又十三,42000,10,2019-02-08
子朔君,56000,1,2019-02-08
科学声音,13000,2,2019-02-08
四十二又十三,42000,11,2019-02-08
子朔君,56000,2,2019-02-08
TheLaSTelter,18000,1,2019-02-09
Azure蔚蓝团,69000,1,2019-02-09
位面观测者,23000,1,2019-02-09
220AD,7426,1,2019-02-09
布然克汉德,20000,1,2019-02-10
喃兑啊内,71000,53,2019-02-10
糖炒痞子,36000,16,2019-02-11
Kyomica27,11000,1,2019-02-11
清鳞,5315,1,2019-02-12
脚滑的冒险者,25000,4,2019-02-14
摩佑,31000,3,2019-02-14
我最喜欢林公子,3969,1,2019-02-14
魔坛情报局,70000,1,2019-02-14
Moodybluess,33000,5,2019-02-14
爬爬娘,143000,1,2019-02-15
艺升先生,87000,7,2019-02-16
艺升先生,87000,8,2019-02-16
三棵树下老科学,51000,21,2019-02-17
每天吃个屁宝宝,7606,1,2019-02-17
三棵树下老科学,51000,22,2019-02-17
驾车驶过海岸线,16000,1,2019-02-18
糖炒痞子,29000,17,2019-02-18
呆萌的丸子酱,4329,1,2019-02-18
lana酱好纠结,81000,1,2019-02-19
Kusumi-,65000,1,2019-02-19
魚頭阿,21000,1,2019-02-19
jxfzwy,7376,1,2019-02-19
网易暴雪游戏视频,48000,30,2019-02-20
维基君的小骑士,31000,1,2019-02-20
猫饼厨房,72000,1,2019-02-22
艾泽拉斯情报局,60000,5,2019-02-22
XCin_,61000,7,2019-02-22
SINOSTAGE舞邦,4784,1,2019-02-22
SINOSTAGE舞邦,3095,2,2019-02-22
猫饼厨房,72000,2,2019-02-22
艾泽拉斯情报局,60000,6,2019-02-22
艺升先生,24000,9,2019-02-23
XCin_,36000,8,2019-02-24
轻松英语,4302,1,2019-02-24
虎牙丶贤兒,2889,1,2019-02-24
子木-i,86000,3,2019-02-24
沈無懮,4835,1,2019-02-25
呆呆的土豆大哥哥,125000,1,2019-02-25
二次元小百科,30000,3,2019-02-26
艺升先生,34000,10,2019-02-27
便宜菌,29000,1,2019-02-27
艺升先生,34000,11,2019-02-27
二次元小百科,41000,4,2019-02-28
弗兰克椰子,57000,1,2019-03-01
艾泽拉斯情报局,18000,7,2019-03-01
Moodybluess,23000,6,2019-03-01
赵书青,40000,1,2019-03-02
卷毛儿的探料阁,61000,1,2019-03-02
赵书青,40000,2,2019-03-02
四十二又十三,35000,12,2019-03-03
心丶痕diam,45000,1,2019-03-03
慢三拍的菜鸟,19000,1,2019-03-03
四十二又十三,35000,13,2019-03-03
太祖朱元璋,50000,1,2019-03-04
猫饼厨房,62000,3,2019-03-05
喜欢星星的桃子,4577,1,2019-03-05
猫饼厨房,62000,4,2019-03-05
鼻子上的蚂蚁AoN,90000,24,2019-03-08
四十二又十三,30000,14,2019-03-10
559帅过吴彦祖,35000,1,2019-03-10
铅笔陛下pencil,14000,1,2019-03-10
131_LAND,55000,1,2019-03-10
UnOfficialDesign,8267,1,2019-03-10
四十二又十三,30000,15,2019-03-10
OscarMervinChen,36000,1,2019-03-11
韩综CUT,58000,1,2019-03-11
pcyxjy,49000,4,2019-03-11
泰甜啦,8726,1,2019-03-11
咻咻家的糯米团,5339,1,2019-03-12
纳米要吃肉,13000,1,2019-03-13
Teesperare,12000,1,2019-03-13
喃兑啊内,189000,54,2019-03-13
魔兽后裔会长110,126000,3,2019-03-13
猫饼厨房,27000,5,2019-03-14
网易暴雪游戏视频,29000,31,2019-03-14
本月韩流,12000,1,2019-03-14
Ellen和Brian,12000,1,2019-03-14
汤伟康,8358,1,2019-03-14
艾泽拉斯情报局,13000,8,2019-03-15
Moodybluess,15000,7,2019-03-15
泡吧TV,19000,13,2019-03-15
0Martian0,113000,1,2019-03-15
魔坛情报局,85000,2,2019-03-15
妖怪目,24000,15,2019-03-16
怪力阿猛,26000,1,2019-03-16
蠢蠢的不良,13000,1,2019-03-16
Thundermighty,6130,4,2019-03-16
SINOSTAGE舞邦,1826,3,2019-03-16
子木-i,38000,4,2019-03-17
虎牙丶贤兒,2057,2,2019-03-17
风雷之主,24000,1,2019-03-18
张小鬼儿,6779,1,2019-03-18
LVJINYAN重生之刻,85000,1,2019-03-18
Aimoti,19000,3,2019-03-19
Aimoti,19000,4,2019-03-19
鼻子上的蚂蚁AoN,151000,25,2019-03-20
MOD_Berry,43000,1,2019-03-20
神奇哒小怪兽,17000,2,2019-03-20
Thundermighty,16000,5,2019-03-20
鼻子上的蚂蚁AoN,151000,26,2019-03-20
猫饼厨房,154000,6,2019-03-21
GotThat_DANG,36000,1,2019-03-21
猫饼厨房,154000,7,2019-03-21
四十二又十三,36000,16,2019-03-22
0Martian0,78000,2,2019-03-22
四十二又十三,36000,17,2019-03-22
孤独的深蓝_,26000,7,2019-03-23
湾湾聊什么,6084,1,2019-03-23
虎牙蓝胖子,3441,1,2019-03-23
jiggy辣辣,27000,1,2019-03-24
Swaggy尼克,35000,1,2019-03-24
罚球线定义者,3881,1,2019-03-24
羊小星,355000,1,2019-03-24
Touwa_Erio,452000,1,2019-03-24
英梨梨゙,382000,1,2019-03-24
哔哩哔哩游戏中心,250000,2,2019-03-24
红猫耳,379000,2,2019-03-24
一个很神秘的字幕组,119000,1,2019-03-24
羊小星,67000,2,2019-03-24
夏日幻听,42000,1,2019-03-24
猫什么猫,26000,1,2019-03-25
猫饼厨房,18000,8,2019-03-26
维基君的小骑士,2368,2,2019-03-26
脚滑的冒险者,20000,5,2019-03-28
LVJINYAN重生之刻,48000,2,2019-03-28
SCP配音团,35000,1,2019-03-29
太祖朱元璋,38000,2,2019-03-29
Aimoti,20000,5,2019-03-29
笑脸麦客11,30000,3,2019-03-29
泡吧TV,29000,14,2019-03-29
Aimoti,20000,6,2019-03-29
神迹字幕,19000,1,2019-03-29
SCP配音团,35000,2,2019-03-29
浪神教主,23000,1,2019-03-30
亚泽Eric,5453,49,2019-03-30
过气的风来,52000,1,2019-03-30
艾泽拉斯情报局,11000,9,2019-03-31
_坂田安安_,16000,2,2019-03-31
糖炒痞子,20000,18,2019-03-31
御火神狐,15000,1,2019-04-01
猫饼厨房,28000,9,2019-04-01
喃兑啊内,69000,55,2019-04-01
猫饼厨房,28000,10,2019-04-01
Nightservant,32000,1,2019-04-02
十二倾倾,2368,1,2019-04-02
火播君,91000,1,2019-04-02
娱乐探星秀,37000,1,2019-04-03
超神荣哥哥,21000,1,2019-04-03
Josh和Bamui的减肥舞,2010,1,2019-04-03
0Martian0,43000,3,2019-04-03
akenom,3949,1,2019-04-04
爬爬娘,99000,2,2019-04-04
艺升先生,30000,12,2019-04-05
艾什凡女勋爵,28000,2,2019-04-05
_坂田安安_,12000,3,2019-04-05
EnchantingN音援站,3761,1,2019-04-05
GoDlike_神超,92000,1,2019-04-05
艾什凡女勋爵,44000,3,2019-04-06
四十二又十三,21000,18,2019-04-06
奈良之鹿丶,15000,1,2019-04-06
小狐狸愛撒野,11000,1,2019-04-06
derrrr_,7403,1,2019-04-06
奈良之鹿丶,17000,2,2019-04-07
力量智商正比的国,20000,1,2019-04-07
亚泽Eric,7586,50,2019-04-07
0Martian0,55000,4,2019-04-07
喃兑啊内,49000,56,2019-04-07
鼻子上的蚂蚁AoN,22000,27,2019-04-08
墨水wower,16000,1,2019-04-08
_Byyyou,92000,1,2019-04-08
星光eleven,3318,1,2019-04-09
涛李TAOLEE,2339,1,2019-04-09
夜色的小调,30000,1,2019-04-09
CG放映室,13000,1,2019-04-10
中年吐槽组,16000,5,2019-04-10
CG放映室,13000,2,2019-04-10
是二京啊,3755,1,2019-04-10
夏一可,212000,31,2019-04-11
艾什凡女勋爵,22000,4,2019-04-11
夏一可,212000,32,2019-04-11
DN不是豆奶,342000,12,2019-04-12
四十二又十三,24000,19,2019-04-13
破风碎冰,12000,1,2019-04-13
四十二又十三,24000,20,2019-04-13
喃兑啊内,38000,57,2019-04-13
孤独的深蓝_,22000,8,2019-04-14
空车老司机,25000,1,2019-04-14
BUG人,9467,1,2019-04-14
喃兑啊内,40000,58,2019-04-14
GuiltyGyve,3214,1,2019-04-15
0Martian0,32000,5,2019-04-15
知水为命顺逆同,34000,1,2019-04-16
赵书青,32000,3,2019-04-16
艾泽拉斯情报局,8016,10,2019-04-16
mnp888,16000,1,2019-04-16
mnp888,3505,2,2019-04-16
0Martian0,31000,6,2019-04-16
奈良之鹿丶,16000,3,2019-04-17
喃兑啊内,88000,59,2019-04-17
DN不是豆奶,67000,13,2019-04-17
0Martian0,28000,7,2019-04-17
淡若浅紫,37000,1,2019-04-18
TAYLOR-LOVE,33000,1,2019-04-18
亚泽Eric,6033,51,2019-04-18
DN不是豆奶,74000,14,2019-04-18
0Martian0,28000,8,2019-04-18
喃兑啊内,50000,60,2019-04-18
过气的风来,48000,2,2019-04-18
泡吧TV,18000,15,2019-04-19
MrFATC0CK,7228,2,2019-04-19
威神V_WayV中文首站,21000,1,2019-04-19
威神V_WayV吧,4369,1,2019-04-19
NCT小花园,3222,1,2019-04-19
0Martian0,31000,9,2019-04-19
敲萌豹风党,59000,1,2019-04-19
喃兑啊内,54000,61,2019-04-19
NCT中文首站,34000,1,2019-04-20
浪哥1977,11000,2,2019-04-20
黄旭熙中文首站,4843,1,2019-04-20
N-CITY,4092,1,2019-04-20
0Martian0,27000,10,2019-04-20
四十二又十三,30000,21,2019-04-21
子木-i,28000,5,2019-04-21
羊小欢的兔大乐,23000,1,2019-04-21
Abbullet,15000,1,2019-04-21
负债酱,3773,1,2019-04-21
Tocahi,1006,1,2019-04-21
喃兑啊内,121000,62,2019-04-21
四十二又十三,30000,22,2019-04-21
盘叫兽,44000,1,2019-04-21
这病不可笑嘛,24000,1,2019-04-22
陆仁只是个路人,8662,1,2019-04-22
鲁Q华,52000,1,2019-04-22
想一酱的痴汉,30000,1,2019-04-22
进阶的大眼,33000,1,2019-04-22
天天柚,4121,1,2019-04-22
BattleEyes,65000,1,2019-04-22
盘叫兽,58000,2,2019-04-22
zzx54zzx,87000,1,2019-04-23
太祖朱元璋,28000,3,2019-04-23
马斯特教授,90000,1,2019-04-23
德爷有点慌丶硬核版,33000,1,2019-04-23
轩泽斯Xuanze,13000,1,2019-04-23
ALAN_AZ,6111,1,2019-04-23
贾串串,3758,1,2019-04-23
渡娘不蠢萌,1309,1,2019-04-23
京鸿菌,2713,1,2019-04-23
喃兑啊内,73000,63,2019-04-23
zzx54zzx,87000,2,2019-04-23
0Martian0,37000,11,2019-04-23
艾什凡女勋爵,28000,5,2019-04-24
NicolasSun,18000,1,2019-04-24
空车老司机,18000,2,2019-04-24
郁林钟博,17000,1,2019-04-24
NutsGame大坚果,5362,1,2019-04-24
科技聚会,4446,1,2019-04-24
科技聚会,3270,2,2019-04-24
盘叫兽,62000,3,2019-04-24
Aimoti,55000,7,2019-04-25
三棵树下老科学,43000,23,2019-04-25
猫饼厨房,24000,11,2019-04-25
三棵树下老科学,25000,24,2019-04-25
Aimoti,55000,8,2019-04-25
大裆家阿蒙神,21000,1,2019-04-25
Aimoti,55000,9,2019-04-25
三棵树下老科学,43000,25,2019-04-25
猫饼厨房,24000,12,2019-04-25
太祖朱元璋,46000,4,2019-04-26
笪屹超人2019,23000,1,2019-04-26
日常走错场,3512,1,2019-04-26
janjanjian11,2366,1,2019-04-26
0Martian0,35000,12,2019-04-26
太祖朱元璋,46000,5,2019-04-26
淡若浅紫,40000,2,2019-04-27
三棵树下老科学,23000,26,2019-04-27
子木-i,16000,6,2019-04-27
马冬梅up,16000,1,2019-04-27
极客Geeking,9224,1,2019-04-27
淡若浅紫,40000,3,2019-04-27
上古玩家肉肉,107000,2,2019-04-28
四十二又十三,25000,23,2019-04-28
我在想在,6777,1,2019-04-28
卡卫门,9414,1,2019-04-28
科技小助手,3627,1,2019-04-28
我在想在,4032,2,2019-04-28
朕是狠,2435,1,2019-04-28
上古玩家肉肉,107000,3,2019-04-28
四十二又十三,25000,24,2019-04-28
郎中喵喵,26000,1,2019-04-29
三玄sanxuan,2611,1,2019-04-29
超燃小志,167000,1,2019-04-29
猫饼厨房,30000,13,2019-04-30
诙谐的小伙伴,27000,5,2019-04-30
洋葱可乐2018,6461,4,2019-04-30
斗鱼TV小沐木,1931,1,2019-04-30
顽童黑豹法,2513,1,2019-04-30
解说xiaoy,41000,1,2019-04-30
猫饼厨房,30000,14,2019-04-30
_坂田安安_,13000,4,2019-05-01
诙谐的小伙伴,18000,6,2019-05-01
便宜菌,52000,2,2019-05-01
夜聆雨i,20000,1,2019-05-01
98739407988_bili,15000,1,2019-05-01
烟华如梦,2746,1,2019-05-01
苍耳种了一盆喵,2838,1,2019-05-01
经典分享厅,76000,1,2019-05-01
BUG人,7662,2,2019-05-02
顽童黑豹法,4133,2,2019-05-02
MikuL0ve,2099,1,2019-05-02
wuhu动画人空间,1826,1,2019-05-02
喃兑啊内,38000,64,2019-05-02
潘大帅在减肥,16000,1,2019-05-03
郁林钟博,23000,2,2019-05-03
Stank鲜森-超正经BB车评,7294,1,2019-05-03
zyb992992,3892,1,2019-05-03
外鞋会,2810,1,2019-05-03
小噴火龍,1313,3,2019-05-03
喃兑啊内,51000,65,2019-05-03
盘叫兽,54000,4,2019-05-03
四十二又十三,24000,25,2019-05-04
糖炒痞子,24000,19,2019-05-04
小狼Vass,20000,1,2019-05-04
mango鹿子,335000,1,2019-05-04
南京木弦吉他,5365,1,2019-05-04
红花会王昊,6871,1,2019-05-04
丨楊叔,4455,1,2019-05-04
四十二又十三,24000,26,2019-05-04
卷毛儿的探料阁,30000,2,2019-05-04
Neko_屋顶的喵,8971,1,2019-05-05
淡若浅紫,38000,4,2019-05-05
zzx54zzx,24000,3,2019-05-05
喃兑啊内,20000,66,2019-05-05
瓶几与傻几,22000,1,2019-05-05
左边的小红旗,4993,1,2019-05-05
那就飘吧,2715,1,2019-05-05
淡若浅紫,38000,5,2019-05-05
过气的风来,37000,3,2019-05-05
猫饼厨房,199000,15,2019-05-06
上古玩家肉肉,38000,4,2019-05-06
糖炒痞子,25000,20,2019-05-06
Tao学长,8443,1,2019-05-06
苓食_,3650,1,2019-05-06
猫饼厨房,199000,16,2019-05-06
上古玩家肉肉,38000,5,2019-05-06
圭贤1920,5440,2,2019-05-07
贝加尔湖摇篮,4055,1,2019-05-07
地狱霹雳火,2502,2,2019-05-07
亲佬湿,100000,1,2019-05-07
艺升先生,50000,13,2019-05-08
盘叫兽,29000,5,2019-05-08
奈良之鹿丶,17000,4,2019-05-08
游侠网官方,17000,1,2019-05-08
两仪滚的录屏组,6409,1,2019-05-08
艺升先生,50000,14,2019-05-08
过气的风来,58000,4,2019-05-08
天籁音痕,43000,1,2019-05-09
太祖朱元璋,36000,6,2019-05-09
晓和说,14000,1,2019-05-09
万能青年菜谱,1968,1,2019-05-09
宇智波ペ起舞,3012,1,2019-05-09
雪茄客大海,1149,1,2019-05-09
0Martian0,27000,13,2019-05-09
天籁音痕,43000,2,2019-05-09
太祖朱元璋,36000,7,2019-05-09
糖炒痞子,49000,21,2019-05-10
奈良之鹿丶,15000,5,2019-05-10
糖炒痞子,49000,22,2019-05-10
喃兑啊内,41000,67,2019-05-10
猫饼厨房,24000,17,2019-05-11
糖炒痞子,24000,23,2019-05-11
Moodybluess,20000,8,2019-05-11
猫饼厨房,24000,18,2019-05-11
上古玩家肉肉,33000,6,2019-05-12
时光笔岁月书,47000,1,2019-05-12
霸丸龙的怒吼,16000,1,2019-05-12
赵书青,11000,4,2019-05-12
隆民英语老师Travis,1417,1,2019-05-12
过气的风来,95000,5,2019-05-12
上古玩家肉肉,33000,7,2019-05-12
卷毛儿的探料阁,40000,3,2019-05-12
BB姬Studio,42000,2,2019-05-12
时光笔岁月书,47000,2,2019-05-12
喃兑啊内,43000,68,2019-05-12
盘叫兽,30000,6,2019-05-12
四十二又十三,19000,27,2019-05-13
饭桶娘Tiny,11000,1,2019-05-13
三棵树下老科学,16000,27,2019-05-13
艾什凡女勋爵,17000,6,2019-05-13
奈良之鹿丶,13000,6,2019-05-13
游侠网官方,5668,2,2019-05-13
冻奶茶呀,2015,1,2019-05-13
夜色的小调,36000,2,2019-05-13
四十二又十三,19000,28,2019-05-13
呵呵Hu,973,1,2019-05-14
0Martian0,25000,14,2019-05-14
盘叫兽,45000,7,2019-05-14
苹果牛GG,172000,2,2019-05-15
妖怪目,59000,16,2019-05-15
凌晨大黑狗,49000,1,2019-05-15
老油条说,38000,3,2019-05-15
诙谐的小伙伴,36000,7,2019-05-15
邪恶的园长,18000,1,2019-05-15
妙音巧奇,14000,1,2019-05-15
妙音巧奇,14000,2,2019-05-15
_Byyyou,2712,2,2019-05-15
这疯狂的一生,4382,1,2019-05-15
我是可爱的王小花丶,2300,1,2019-05-15
苹果牛GG,172000,3,2019-05-15
喃兑啊内,67000,69,2019-05-15
妖怪目,59000,17,2019-05-15
凌晨大黑狗,49000,2,2019-05-15
老油条说,38000,4,2019-05-15
诙谐的小伙伴,36000,8,2019-05-15
网易暴雪游戏视频,931000,32,2019-05-16
笑脸麦客11,97000,4,2019-05-16
Crazy-face,169000,1,2019-05-16
道尔顿的蜜妮安,65000,3,2019-05-16
游影电报,86000,1,2019-05-16
卡德加不在家,49000,5,2019-05-16
眀日香的左眼,41000,1,2019-05-16
最高画质收藏家G,36000,2,2019-05-16
邪恶的园长,32000,2,2019-05-16
艾什凡女勋爵,26000,7,2019-05-16
苹果牛GG,26000,4,2019-05-16
智闻天下,27000,1,2019-05-16
一只小咕咕咕咕,17000,1,2019-05-16
糖炒痞子,16000,24,2019-05-16
teruiboge007,14000,1,2019-05-16
NovaStorm,4848,1,2019-05-16
网易暴雪游戏视频,931000,33,2019-05-16
Crazy-face,169000,2,2019-05-16
道尔顿的蜜妮安,65000,4,2019-05-16
笑脸麦客11,97000,5,2019-05-16
游影电报,86000,2,2019-05-16
喃兑啊内,67000,70,2019-05-16
喃兑啊内,45000,71,2019-05-16
卡德加不在家,49000,6,2019-05-16
喃兑啊内,48000,72,2019-05-16
眀日香的左眼,41000,2,2019-05-16
最高画质收藏家G,36000,3,2019-05-16
邪恶的园长,32000,3,2019-05-16
DN不是豆奶,31000,15,2019-05-16
游戏X博士,199000,6,2019-05-17
NasDa,23000,4,2019-05-17
NasDa,19000,5,2019-05-17
泡吧TV,18000,16,2019-05-17
吐播组,20000,1,2019-05-17
游戏X博士,199000,7,2019-05-17
盘叫兽,40000,8,2019-05-17
鬼画桃符Rebirth,37000,1,2019-05-17
盘叫兽,26000,9,2019-05-18
发糕灬,28000,1,2019-05-18
人人短视频精选,24000,1,2019-05-18
NasDa,20000,6,2019-05-18
糖炒痞子,18000,25,2019-05-18
功夫奶茶520,13000,1,2019-05-18
糖炒痞子,14000,26,2019-05-18
深蓝科技BlueTea,9835,1,2019-05-18
糖炒痞子,8170,27,2019-05-18
洋葱可乐2018,6191,5,2019-05-18
太阳之纪,5071,1,2019-05-18
科技狐,2321,1,2019-05-18
losekids,35000,1,2019-05-18
0Martian0,25000,15,2019-05-18
盘叫兽,26000,10,2019-05-18
妄图改变世界,35000,1,2019-05-19
魔兽怀旧指南,39000,1,2019-05-19
上古玩家肉肉,31000,8,2019-05-19
妖怪目,45000,18,2019-05-19
BUG人,8952,3,2019-05-19
大帝丨姿态,12000,1,2019-05-19
妄图改变世界,35000,2,2019-05-19
上古玩家肉肉,31000,9,2019-05-19
妖怪目,45000,19,2019-05-19
魔兽怀旧指南,39000,2,2019-05-19
今晚吃魔王,29000,2,2019-05-19
恶圣屠,27000,1,2019-05-20
奈良之鹿丶,12000,7,2019-05-20
鲁迅你个周树人,22000,1,2019-05-20
曹鱼简,152000,1,2019-05-20
NasDa,59000,7,2019-05-20
盘叫兽,31000,11,2019-05-20
猫饼厨房,14000,19,2019-05-21
老油条说,18000,5,2019-05-21
奈良之鹿丶,15000,8,2019-05-21
饭桶娘Tiny,9392,2,2019-05-21
猎魔者_2HK,3592,1,2019-05-21
卷毛儿的探料阁,94000,4,2019-05-21
盘叫兽,29000,12,2019-05-21
猫饼厨房,14000,20,2019-05-21
苍天哥,47000,1,2019-05-22
四十二又十三,21000,29,2019-05-22
白河s,34000,2,2019-05-22
柚Game,28000,1,2019-05-22
糖炒痞子,26000,28,2019-05-22
JkDemonHunter,11000,1,2019-05-22
tswxhy,11000,1,2019-05-22
糖炒痞子,13000,29,2019-05-22
荣耀手机,39000,2,2019-05-22
RING__SONG,21000,1,2019-05-22
janerzhang,8465,1,2019-05-22
达拉然City,2927,1,2019-05-22
达拉然City,1846,2,2019-05-22
苍天哥,47000,2,2019-05-22
四十二又十三,21000,30,2019-05-22
0Martian0,23000,16,2019-05-22
白河s,34000,3,2019-05-22
柚Game,28000,2,2019-05-22
上古玩家肉肉,23000,10,2019-05-23
妖怪目,46000,20,2019-05-23
盘叫兽,21000,13,2019-05-23
三棵树下老科学,17000,28,2019-05-23
哎呦没差啦,32000,1,2019-05-23
二虫与他的室友呀,22000,1,2019-05-23
达拉然City,19000,3,2019-05-23
数字云糕,11000,1,2019-05-23
小菊花有点咸,6049,1,2019-05-23
我是无界啊,3221,1,2019-05-23
达拉然City,3835,4,2019-05-23
达拉然City,1903,5,2019-05-23
喃兑啊内,71000,73,2019-05-23
上古玩家肉肉,23000,11,2019-05-23
妖怪目,46000,21,2019-05-23
奇趣的咕咕,28000,1,2019-05-23
盘叫兽,22000,14,2019-05-23
机核网,18000,1,2019-05-23
脚滑的冒险者,62000,6,2019-05-24
盘叫兽,11000,15,2019-05-24
糖炒痞子,14000,30,2019-05-24
第13人,13000,1,2019-05-24
小采采的怪物,1652,1,2019-05-24
看什麽看,1760,1,2019-05-24
星际老男孩,71000,2,2019-05-24
脚滑的冒险者,62000,7,2019-05-24
卷毛儿的探料阁,34000,5,2019-05-24
过气的风来,36000,6,2019-05-24
盘叫兽,23000,16,2019-05-24
爱睡觉的加菲熊,63000,2,2019-05-25
克蕾苟萨,36000,1,2019-05-25
顽童黑豹法,36000,3,2019-05-25
你的饼干被我吃了,18000,1,2019-05-25
邪恶的园长,17000,4,2019-05-25
达拉然City,25000,6,2019-05-25
flusy,35000,1,2019-05-25
vnyiyi,2101,1,2019-05-25
喃兑啊内,108000,74,2019-05-25
爱睡觉的加菲熊,63000,3,2019-05-25
星际老男孩,48000,3,2019-05-25
顽童黑豹法,36000,4,2019-05-25
克蕾苟萨,36000,2,2019-05-25
油腻凤凰,145000,1,2019-05-26
附魔星Fms,239000,1,2019-05-26
上古玩家肉肉,35000,12,2019-05-26
Thundermighty,26000,6,2019-05-26
空车老司机,8452,3,2019-05-26
顽童黑豹法,12000,5,2019-05-26
地狱霹雳火,1703,3,2019-05-26
地狱霹雳火,993,4,2019-05-26
附魔星Fms,239000,2,2019-05-26
油腻凤凰,145000,2,2019-05-26
上古玩家肉肉,35000,13,2019-05-26
喃兑啊内,61000,75,2019-05-26
爱睡觉的加菲熊,27000,4,2019-05-26
默罕默德酱,12000,1,2019-05-27
奶茶超人,38000,3,2019-05-27
爱睡觉的加菲熊,23000,5,2019-05-27
第13人,17000,2,2019-05-27
萌群主老黑,19000,1,2019-05-27
大叔苏苏爸,12000,1,2019-05-27
糖炒痞子,15000,31,2019-05-27
空车老司机,9164,4,2019-05-27
慧慧媚,11000,1,2019-05-27
火播君,40000,2,2019-05-27
EnglishTube,32000,1,2019-05-27
药水哥的官方录像厅,25000,1,2019-05-27
地狱霹雳火,2840,5,2019-05-27
碌荼漫漫,1426,1,2019-05-27
地狱霹雳火,1126,6,2019-05-27
地狱霹雳火,1159,7,2019-05-27
夜色的小调,43000,3,2019-05-27
奶茶超人,38000,4,2019-05-27
喃兑啊内,40000,76,2019-05-27
星光剑影,25000,2,2019-05-27
糖炒痞子,63000,32,2019-05-28
PrescottLai,40000,1,2019-05-28
小乖OhO丶,22000,1,2019-05-28
艾什凡女勋爵,22000,8,2019-05-28
_坂田安安_,12000,5,2019-05-28
艾什凡女勋爵,17000,9,2019-05-28
HTCannondale,20000,1,2019-05-28
奇点追猎者,2199,1,2019-05-28
aaeehhhh,1612,1,2019-05-28
suzyssica,1299,1,2019-05-28
望雨阳,1385,1,2019-05-28
0Martian0,33000,17,2019-05-28
糖炒痞子,63000,33,2019-05-28
PrescottLai,40000,2,2019-05-28
喃兑啊内,27000,77,2019-05-28
上古玩家肉肉,72000,14,2019-05-29
无稽崖下青埂峰,71000,1,2019-05-29
猫饼厨房,15000,21,2019-05-29
恶圣屠,11000,2,2019-05-29
NOVA天草,1506,1,2019-05-29
上古玩家肉肉,72000,15,2019-05-29
无稽崖下青埂峰,71000,2,2019-05-29
他她TV,44000,1,2019-05-29
猫饼厨房,15000,22,2019-05-29
鼻子上的蚂蚁AoN,39000,28,2019-05-30
阿尔利丹-地狱咆哮,19000,5,2019-05-30
艺升先生,18000,15,2019-05-30
盘叫兽,18000,17,2019-05-30
大喜ww,20000,1,2019-05-30
奈良之鹿丶,12000,9,2019-05-30
魔兽世界部落卫计委NEW,11000,1,2019-05-30
Beautiful科技,2203,1,2019-05-30
过气的风来,81000,7,2019-05-30
鼻子上的蚂蚁AoN,39000,29,2019-05-30
喃兑啊内,33000,78,2019-05-30
阿尔利丹-地狱咆哮,19000,6,2019-05-30
艺升先生,18000,16,2019-05-30
四十二又十三,20000,31,2019-05-31
rain__fire,15000,1,2019-05-31
糖炒痞子,11000,34,2019-05-31
蛋哥511,57000,1,2019-05-31
松鹿夏伊,2517,1,2019-05-31
四十二又十三,20000,32,2019-05-31
喃兑啊内,44000,79,2019-05-31
星光剑影,25000,3,2019-05-31
大叔苏苏爸,44000,2,2019-06-01
经验丰富小司机,1711,1,2019-06-01
大叔苏苏爸,44000,3,2019-06-01
喃兑啊内,29000,80,2019-06-01
上古玩家肉肉,28000,16,2019-06-02
空车老司机,12000,5,2019-06-02
摩托漾MotoYoung,8628,1,2019-06-02
巅峰视频娱乐,12000,1,2019-06-02
GuiltyGyve,1804,2,2019-06-02
Inc-CN,2129,1,2019-06-02
的小龙,1569,1,2019-06-02
采田君,60000,1,2019-06-02
上古玩家肉肉,28000,17,2019-06-02
苹果牛GG,30000,5,2019-06-03
糖炒痞子,12000,35,2019-06-03
晓和说,9490,2,2019-06-03
破风碎冰,8229,2,2019-06-03
部落冲突XO,3674,1,2019-06-03
达拉然City,3734,7,2019-06-03
苹果牛GG,30000,6,2019-06-03
恶女花魁EX,26000,1,2019-06-04
浪哥1977,23000,3,2019-06-04
炉石传说2019,13000,1,2019-06-04
安东权氏夫人,22000,1,2019-06-04
Caulder,80000,1,2019-06-04
喃兑啊内,128000,81,2019-06-04
奈良之鹿丶,41000,10,2019-06-04
恶女花魁EX,26000,2,2019-06-04
诙谐的小伙伴,50000,9,2019-06-05
三棵树下老科学,52000,29,2019-06-05
乔克子,24000,1,2019-06-05
晓和说,8811,3,2019-06-05
佩恩与pain,1679,1,2019-06-05
喃兑啊内,235000,82,2019-06-05
诙谐的小伙伴,50000,10,2019-06-05
三棵树下老科学,52000,30,2019-06-05
乔克子,24000,2,2019-06-05
魔兽怀旧指南,48000,3,2019-06-06
上古玩家肉肉,24000,18,2019-06-06
猫饼厨房,17000,23,2019-06-06
泡吧TV,21000,17,2019-06-06
大家车言论,21000,1,2019-06-06
星陨Fuz,2188,1,2019-06-06
魔兽怀旧指南,48000,4,2019-06-06
0Martian0,21000,18,2019-06-06
上古玩家肉肉,24000,19,2019-06-06
猫饼厨房,17000,24,2019-06-06
泡吧TV,21000,18,2019-06-06
达拉然City,20000,8,2019-06-07
patrickmis,6779,1,2019-06-07
大白搞机,1576,1,2019-06-07
王宛尘-,1507,1,2019-06-07
奈良之鹿丶,20000,11,2019-06-08
Thundermighty,17000,7,2019-06-08
联盟单身狗,15000,2,2019-06-08
魔兽怀旧指南,11000,5,2019-06-08
六神无主鸠,9893,1,2019-06-08
Buter干货,4430,1,2019-06-08
二喵的饭,179000,1,2019-06-08
喃兑啊内,47000,83,2019-06-08
Caulder,31000,2,2019-06-08
盘叫兽,19000,18,2019-06-08
上古玩家肉肉,20000,20,2019-06-09
吾彳亍,40000,1,2019-06-09
天乐魔兽教学,17000,1,2019-06-09
三棵树下老科学,16000,31,2019-06-09
空车老司机,13000,6,2019-06-09
爱睡觉的加菲熊,9448,6,2019-06-09
Swaggy尼克,10000,2,2019-06-09
鼻子上的蚂蚁AoN,109000,30,2019-06-09
上古玩家肉肉,20000,21,2019-06-09
吾彳亍,40000,2,2019-06-09
盘叫兽,26000,19,2019-06-09
天乐魔兽教学,17000,2,2019-06-09
妖怪目,11000,22,2019-06-10
邪恶的园长,9030,5,2019-06-10
吃不饱的哒哒哒,11000,1,2019-06-10
南京IshowDance,844,1,2019-06-10
盘叫兽,18000,20,2019-06-10
糖炒痞子,9739,36,2019-06-11
猫饼厨房,4479,25,2019-06-11
NCT中文首站,29000,2,2019-06-11
pcyxjy,26000,5,2019-06-11
虎扑识货,9100,1,2019-06-11
Morn03,6238,1,2019-06-11
一只奇思妙想的小猪,1000,1,2019-06-11
喃兑啊内,78000,84,2019-06-11
盘叫兽,23000,21,2019-06-11
戏精戏说,25000,1,2019-06-11
解说xiaoy,15000,2,2019-06-11
上古玩家肉肉,18000,22,2019-06-12
猪酱の日常,37000,1,2019-06-12
奈良之鹿丶,24000,12,2019-06-12
糖炒痞子,24000,37,2019-06-12
邪恶的园长,8254,6,2019-06-12
小乖OhO丶,1685,2,2019-06-12
Sweetlybbhrj,1464,1,2019-06-12
火播君,42000,3,2019-06-12
上古玩家肉肉,18000,23,2019-06-12
猪酱の日常,37000,2,2019-06-12
空车老司机,23000,7,2019-06-12
奈良之鹿丶,24000,13,2019-06-12
盘叫兽,21000,22,2019-06-12
糖炒痞子,24000,38,2019-06-12
兔兔姐28,6510,1,2019-06-13
小乖OhO丶,3055,3,2019-06-13
Mandy_needJWY,1332,1,2019-06-13
大肉嘎,33000,1,2019-06-13
顺南逆北,34000,1,2019-06-13
四十二又十三,16000,33,2019-06-14
艺升先生,33000,17,2019-06-14
晓和说,6710,4,2019-06-14
苍燃老贼,7398,1,2019-06-14
星陨Fuz,5205,2,2019-06-14
过气的风来,79000,8,2019-06-14
四十二又十三,16000,34,2019-06-14
艺升先生,33000,18,2019-06-14
空车老司机,25000,8,2019-06-14
网易暴雪游戏视频,36000,34,2019-06-14
上古玩家肉肉,14000,24,2019-06-15
猫饼厨房,8099,26,2019-06-15
Tian.,12000,1,2019-06-15
苍燃老贼,12000,2,2019-06-15
三棵树下老科学,13000,32,2019-06-15
魔兽怀旧指南,6760,6,2019-06-15
眠眠菇,109000,1,2019-06-15
眠眠菇,109000,2,2019-06-15
盘叫兽,24000,23,2019-06-15
做个大叔好,24000,1,2019-06-15
上古玩家肉肉,14000,25,2019-06-15
猫饼厨房,8099,27,2019-06-15
附魔星Fms,370000,3,2019-06-16
Aimoti,48000,10,2019-06-16
上古玩家肉肉,16000,26,2019-06-16
Aimoti,48000,11,2019-06-16
蹦拉卡,60000,1,2019-06-16
ilyv,11000,1,2019-06-16
苏盐赫宰,3191,1,2019-06-16
亲近runner丶wower,954,1,2019-06-16
达拉然City,909,9,2019-06-16
附魔星Fms,370000,4,2019-06-16
Aimoti,48000,12,2019-06-16
震东君,52000,1,2019-06-16
上古玩家肉肉,16000,27,2019-06-16
盘叫兽,17000,24,2019-06-16
过气的风来,23000,9,2019-06-16
三棵树下老科学,67000,33,2019-06-17
奈良之鹿丶,48000,14,2019-06-17
月色如歌QAQ,54000,1,2019-06-17
空车老司机,11000,9,2019-06-17
功夫奶茶520,7740,2,2019-06-17
菠菜君_Spinachwave,1819,1,2019-06-17
南守君er,587,1,2019-06-17
三棵树下老科学,67000,34,2019-06-17
奈良之鹿丶,48000,15,2019-06-17
月色如歌QAQ,54000,2,2019-06-17
夜色的小调,29000,4,2019-06-17
联盟单身狗,14000,3,2019-06-18
吉斯妮,13000,1,2019-06-18
1MILLION_OFFICIAL,43000,2,2019-06-18
笪屹超人2019,53000,2,2019-06-18
GuiltyGyve,1150,3,2019-06-18
GuiltyGyve,1272,4,2019-06-18
Moodybluess,21000,9,2019-06-18
网易暴雪游戏视频,211000,35,2019-06-19
麻花花花花辫,7163,1,2019-06-19
三棵树下老科学,9692,35,2019-06-19
westwind1986,7687,1,2019-06-19
万能青年菜谱,2712,2,2019-06-19
妆小淘,4211,1,2019-06-19
龙洋是我老婆,1756,1,2019-06-19
这是一只陶小胖,1922,1,2019-06-19
喃兑啊内,193000,85,2019-06-19
网易暴雪游戏视频,211000,36,2019-06-19
0Martian0,15000,19,2019-06-19
网易暴雪游戏视频,20000,37,2019-06-19
上古玩家肉肉,18000,28,2019-06-20
凛冽寒风5866,12000,2,2019-06-20
三棵树下老科学,13000,36,2019-06-20
辉光的信仰,9857,1,2019-06-20
爱睡觉的加菲熊,11000,7,2019-06-20
晓和说,6095,5,2019-06-20
TranScend全盛舞蹈工作室,16000,1,2019-06-20
小乖OhO丶,1103,4,2019-06-20
喃兑啊内,95000,86,2019-06-20
喃兑啊内,47000,87,2019-06-20
上古玩家肉肉,18000,29,2019-06-20
OK爱魔兽,15000,1,2019-06-20
太祖朱元璋,83000,8,2019-06-21
真纪,57000,2,2019-06-21
猫饼厨房,25000,28,2019-06-21
艺升先生,13000,19,2019-06-21
奈良之鹿丶,20000,16,2019-06-21
泡吧TV,13000,19,2019-06-21
空车老司机,8240,10,2019-06-21
出门打怪兽,12000,1,2019-06-21
爱睡觉的加菲熊,7826,8,2019-06-21
TF2Video,1900,1,2019-06-21
GuiltyGyve,1451,5,2019-06-21
GuiltyGyve,1040,6,2019-06-21
真纪,57000,3,2019-06-21
夏一可,181000,33,2019-06-21
他她TV,89000,2,2019-06-21
太祖朱元璋,83000,9,2019-06-21
SkinSpotlights,61000,1,2019-06-21
猫饼厨房,25000,29,2019-06-21
艺升先生,13000,20,2019-06-21
奈良之鹿丶,20000,17,2019-06-21
Iris.伊瑞斯,18000,1,2019-06-21
盘叫兽,16000,25,2019-06-21
过气的风来,21000,10,2019-06-21
泡吧TV,13000,20,2019-06-21
喃兑啊内,16000,88,2019-06-21
星光剑影,15000,4,2019-06-21
盘叫兽,31000,26,2019-06-22
Thundermighty,38000,8,2019-06-22
三棵树下老科学,31000,37,2019-06-22
zzx54zzx,7193,4,2019-06-22
旋羽,7849,1,2019-06-22
即之愈希,8637,1,2019-06-22
BeautiesClub,2348,1,2019-06-22
盘叫兽,31000,27,2019-06-22
Thundermighty,38000,9,2019-06-22
过气的风来,35000,11,2019-06-22
三棵树下老科学,31000,38,2019-06-22
BPB工作室,16000,2,2019-06-22
Narcissus0720,50000,1,2019-06-23
出门打怪兽,57000,2,2019-06-23
晓和说,6047,6,2019-06-23
大宝剑联盟,4965,1,2019-06-23
匿名者orz-新号,1341,1,2019-06-23
GuiltyGyve,1026,7,2019-06-23
GuiltyGyve,1052,8,2019-06-23
Narcissus0720,50000,2,2019-06-23
出门打怪兽,57000,3,2019-06-23
恶作剧的傀儡,16000,1,2019-06-23
元帅吉尔德雷,19000,1,2019-06-23
喃兑啊内,17000,89,2019-06-23
网易暴雪游戏视频,40000,38,2019-06-24
上古玩家肉肉,22000,30,2019-06-24
让魔兽世界更简单,15000,1,2019-06-24
空车老司机,7523,11,2019-06-24
让魔兽世界更简单,15000,2,2019-06-24
GuiltyGyve,1254,9,2019-06-24
天门氲岚,217,1,2019-06-24
喃兑啊内,59000,90,2019-06-24
网易暴雪游戏视频,40000,39,2019-06-24
上古玩家肉肉,22000,31,2019-06-24
盘叫兽,22000,28,2019-06-24
让魔兽世界更简单,15000,3,2019-06-24
Youtube搬运工月萌,54000,1,2019-06-25
眠眠菇,22000,3,2019-06-25
盘叫兽,13000,29,2019-06-25
墨水wower,15000,2,2019-06-25
眠眠菇,22000,4,2019-06-25
陈小希的仓库,3633,1,2019-06-25
大风起兮1204,3843,1,2019-06-25
陈小希的仓库,1429,2,2019-06-25
陈小希的仓库,1227,3,2019-06-25
陈小希的仓库,1045,4,2019-06-25
陈小希的仓库,962,5,2019-06-25
陈小希的仓库,883,6,2019-06-25
陈小希的仓库,808,7,2019-06-25
陈小希的仓库,934,8,2019-06-25
一个孤独的小萌妹,89000,1,2019-06-25
Youtube搬运工月萌,54000,2,2019-06-25
眠眠菇,22000,5,2019-06-25
幕后玩咖Zyc,15000,1,2019-06-25
魔坛情报局,17000,3,2019-06-25
暴雪游戏频道,17000,7,2019-06-25
盘叫兽,13000,30,2019-06-25
墨水wower,15000,3,2019-06-25
游戏X博士,95000,8,2019-06-26
芒果冰OL,1005000,3,2019-06-26
四十二又十三,15000,35,2019-06-26
吉吉诺丶,28000,1,2019-06-26
卡德加不在家,9664,7,2019-06-26
第13人,8282,3,2019-06-26
瞧一虾miaomiaobar,6995,1,2019-06-26
陈小希的仓库,6774,9,2019-06-26
一个孤独的小萌妹,3941,2,2019-06-26
我是Z星人,2717,1,2019-06-26
陈小希的仓库,1995,10,2019-06-26
ceresi,1511,1,2019-06-26
陈小希的仓库,1355,11,2019-06-26
小噴火龍,996,4,2019-06-26
澈肉肉,842,1,2019-06-26
陈小希的仓库,808,12,2019-06-26
喃兑啊内,117000,91,2019-06-26
夏一可,529000,34,2019-06-26
游戏X博士,95000,9,2019-06-26
芒果冰OL,1005000,4,2019-06-26
喃兑啊内,74000,92,2019-06-26
四十二又十三,15000,36,2019-06-26
DN不是豆奶,38000,16,2019-06-26
吉吉诺丶,28000,2,2019-06-26
盘叫兽,21000,31,2019-06-26
三棵树下老科学,18000,39,2019-06-26
网易暴雪游戏视频,82000,40,2019-06-27
车粼粼马萧萧,18000,1,2019-06-27
上古玩家肉肉,12000,32,2019-06-27
蓝天上的流云,12000,2,2019-06-27
糖炒痞子,12000,39,2019-06-27
卡德加不在家,8928,8,2019-06-27
yibanmoji,7028,1,2019-06-27
空车老司机,5011,12,2019-06-27
EKchaser,6135,1,2019-06-27
尼克与布拉德,827,1,2019-06-27
我要渲染你的微笑,738,1,2019-06-27
喃兑啊内,143000,93,2019-06-27
阿尔法魔兽世界,17000,1,2019-06-27
网易暴雪游戏视频,82000,41,2019-06-27
DN不是豆奶,60000,17,2019-06-27
喃兑啊内,45000,94,2019-06-27
盘叫兽,29000,32,2019-06-27
上古玩家肉肉,12000,33,2019-06-27
车粼粼马萧萧,18000,2,2019-06-27
老骚喵,18000,1,2019-06-27
暴雪游戏频道,16000,8,2019-06-27
暴雪游戏频道,15000,9,2019-06-27
凛冽寒风5866,19000,3,2019-06-28
空车老司机,20000,13,2019-06-28
空车老司机,26000,14,2019-06-28
o蘑菇o,25000,1,2019-06-28
奈良之鹿丶,15000,18,2019-06-28
瞧一虾miaomiaobar,11000,2,2019-06-28
夜雨侠,9408,1,2019-06-28
大世界萨,5452,2,2019-06-28
魔兽世界部落卫计委NEW,4124,2,2019-06-28
不是你才不来呢,8085,1,2019-06-28
阿诺字幕组,2278,1,2019-06-28
喃兑啊内,45000,95,2019-06-28
空车老司机,20000,15,2019-06-28
暴雪游戏频道,24000,10,2019-06-28
炉石传说2019,27000,2,2019-06-28
空车老司机,26000,16,2019-06-28
盘叫兽,23000,33,2019-06-28
o蘑菇o,25000,2,2019-06-28
0Martian0,8659,20,2019-06-28
凛冽寒风5866,19000,4,2019-06-28
奈良之鹿丶,15000,19,2019-06-28
爱睡觉的加菲熊,17000,9,2019-06-28
夜雨侠,64000,2,2019-06-29
刘飞儿fayelau,50000,1,2019-06-29
毛巾商标加工,14000,1,2019-06-29
空车老司机,9762,17,2019-06-29
凡尔赛东东,7743,1,2019-06-29
空车老司机,7203,18,2019-06-29
我是Ditto_助眠,48000,1,2019-06-29
陈小希的仓库,3788,13,2019-06-29
陈小希的仓库,2102,14,2019-06-29
wddmylove,1213,1,2019-06-29
233装逼者233,688,1,2019-06-29
DreamDance_Vocal,454,1,2019-06-29
喃兑啊内,93000,96,2019-06-29
夜雨侠,64000,3,2019-06-29
刘飞儿fayelau,50000,2,2019-06-29
盘叫兽,48000,34,2019-06-29
暴雪游戏频道,33000,11,2019-06-29
0Martian0,13000,21,2019-06-29
毛巾商标加工,14000,2,2019-06-29
空车老司机,9763,19,2019-06-29
超级牛又回来了,14000,1,2019-06-30
潇逸桑,11000,1,2019-06-30
贝伦缇娅,15000,1,2019-06-30
x天马骑士x,9192,1,2019-06-30
负债酱,22000,2,2019-06-30
x天马骑士x,9192,2,2019-06-30
Caine大牛老师,1789,1,2019-06-30
勤快小搬家,1997,1,2019-06-30
x天马骑士x,1324,3,2019-06-30
陈小希的仓库,1159,15,2019-06-30
x天马骑士x,634,4,2019-06-30
K-POP直播,466,1,2019-06-30
暴雪游戏频道,65000,12,2019-06-30
喃兑啊内,61000,97,2019-06-30
喃兑啊内,20000,98,2019-06-30
超级牛又回来了,14000,2,2019-06-30
潇逸桑,11000,2,2019-06-30
贝伦缇娅,15000,2,2019-06-30
晓月伝,13000,1,2019-06-30
上古玩家肉肉,14000,34,2019-07-01
Thundermighty,15000,10,2019-07-01
妖艳贱貨,14000,1,2019-07-01
空车老司机,12000,20,2019-07-01
奈良之鹿丶,9379,20,2019-07-01
猫神大大ys,5430,1,2019-07-01
RMBCrew,3009,1,2019-07-01
Do_U_Even_Djent,892,1,2019-07-01
小乖OhO丶,546,5,2019-07-01
喃兑啊内,77000,99,2019-07-01
盘叫兽,23000,35,2019-07-01
上古玩家肉肉,14000,35,2019-07-01
Thundermighty,15000,11,2019-07-01
蓝天上的流云,14000,3,2019-07-01
妖艳贱貨,14000,2,2019-07-01
空车老司机,12000,21,2019-07-01
解说xiaoy,9525,3,2019-07-01
空车老司机,22000,22,2019-07-02
x天马骑士x,22000,5,2019-07-02
超级牛又回来了,10000,3,2019-07-02
安蕾丝丝,7159,1,2019-07-02
麻花花花花辫,4910,2,2019-07-02
_坂田安安_,4379,6,2019-07-02
陳大鹏,5262,1,2019-07-02
魔王颖兮_,5139,1,2019-07-02
太想诶一斯了,502,1,2019-07-02
武夷汀水九岭猴,551,1,2019-07-02
空车老司机,22000,23,2019-07-02
x天马骑士x,22000,6,2019-07-02
星光剑影,14000,5,2019-07-02
解说xiaoy,13000,4,2019-07-02
THCX0615,9657,1,2019-07-02
解说xiaoy,10000,5,2019-07-02
空车老司机,9409,24,2019-07-03
晓和说,8633,7,2019-07-03
TSK南非豹,31000,1,2019-07-03
甲连升,615,1,2019-07-03
甲连升,356,2,2019-07-03
喃兑啊内,22000,100,2019-07-03
星光剑影,25000,6,2019-07-03
过气的风来,30000,12,2019-07-03
解说xiaoy,12000,6,2019-07-03
灵魂调音师,4303,1,2019-07-03
空车老司机,9409,25,2019-07-03
醉酒肆,10000,1,2019-07-04
空车老司机,23000,26,2019-07-04
蓝风工业,115000,1,2019-07-04
奶茶超人,23000,5,2019-07-04
上古玩家肉肉,16000,36,2019-07-04
超级牛又回来了,10000,4,2019-07-04
晓和说,6904,8,2019-07-04
糖炒痞子,6543,40,2019-07-04
糖炒痞子,6815,41,2019-07-04
Bkackcat,80000,1,2019-07-04
pcyxjy,30000,6,2019-07-04
残华灬岁月,2228,1,2019-07-04
士多啤梨蘋果橙哦,10000,1,2019-07-04
夜小釩,3989,1,2019-07-04
Once-a-king,3185,1,2019-07-04
KpopShow,5906,1,2019-07-04
自由奔跑的小野马,4686,1,2019-07-04
GP81每日KPOP,2683,6,2019-07-04
台风小橘,1663,1,2019-07-04
桔子爱豆,1223,1,2019-07-04
D_ECALCOMANIE汐,683,1,2019-07-04
灵哀寒,1042,1,2019-07-04
K-POP直播,512,2,2019-07-04
淼豆腐,399,1,2019-07-04
蓝风工业,115000,2,2019-07-04
醉酒肆,10000,2,2019-07-04
火播君,58000,4,2019-07-04
上古玩家肉肉,16000,37,2019-07-04
奶茶超人,23000,6,2019-07-04
空车老司机,23000,27,2019-07-04
过气的风来,17000,13,2019-07-04
星光剑影,11000,7,2019-07-04
超级牛又回来了,10000,5,2019-07-04
浪哥1977,14000,4,2019-07-05
11278380202_bili,33000,1,2019-07-05
超级牛又回来了,9571,6,2019-07-05
晓和说,5504,9,2019-07-05
邪恶的园长,4747,7,2019-07-05
空车老司机,3964,28,2019-07-05
仁显王后的男人,2161,2,2019-07-05
铁血战狼姜虎东,3497,1,2019-07-05
Sqtarry,3429,1,2019-07-05
青岛BB-May,2393,1,2019-07-05
wuhu动画人空间,994,2,2019-07-05
浪哥1977,14000,5,2019-07-05
喃兑啊内,26000,101,2019-07-05
11278380202_bili,33000,2,2019-07-05
NasDa,20000,8,2019-07-05
火播君,18000,5,2019-07-05
超级牛又回来了,9571,7,2019-07-05
妖艳贱貨,12000,3,2019-07-06
龙背上の膝盖君,36000,7,2019-07-06
westwind1986,10000,2,2019-07-06
恶圣屠,6066,3,2019-07-06
超级牛又回来了,3205,8,2019-07-06
yolo_94,3647,1,2019-07-06
微笑乄迪妮莎,1346,1,2019-07-06
雕雕雕ye,1052,1,2019-07-06
拥抱春天的熊,797,1,2019-07-06
谢谢你的爱FHJ,488,1,2019-07-06
ItzXtsp的小花,484,1,2019-07-06
LoveYousa,226,1,2019-07-06
龙背上の膝盖君,36000,8,2019-07-06
0Martian0,11000,22,2019-07-06
盘叫兽,20000,36,2019-07-06
火播君,21000,6,2019-07-06
蓝天上的流云,15000,4,2019-07-06
妖艳贱貨,12000,4,2019-07-06
过气的风来,11000,14,2019-07-06
westwind1986,10000,3,2019-07-06
太祖朱元璋,33000,10,2019-07-07
琵琶仙君,73000,1,2019-07-07
我不是缪杰文,6843,1,2019-07-07
猫神大大ys,9399,2,2019-07-07
毒老师BBB,42000,1,2019-07-07
夜雨侠,8599,4,2019-07-07
o蘑菇o,5603,3,2019-07-07
邪恶的园长,4455,8,2019-07-07
艾什凡女勋爵,4012,10,2019-07-07
负债酱,34000,3,2019-07-07
三手工程师,4127,1,2019-07-07
Wadu啊,648,1,2019-07-07
崔鸭鸭本鸭XD,461,1,2019-07-07
你看見我啦,482,1,2019-07-07
全国撩妹代表s,494,1,2019-07-07
bilibi梨子,66000,1,2019-07-07
琵琶仙君,73000,2,2019-07-07
猫神大大ys,9400,3,2019-07-07
毒老师BBB,42000,2,2019-07-07
太祖朱元璋,33000,11,2019-07-07
充满游戏,15000,1,2019-07-07
海珠叻叻猪,16000,1,2019-07-07
解说xiaoy,9482,7,2019-07-07
解说xiaoy,9112,8,2019-07-07
太祖朱元璋,20000,12,2019-07-08
三棵树下老科学,6890,40,2019-07-08
三棵树下老科学,12000,41,2019-07-08
上古玩家肉肉,15000,38,2019-07-08
苹果牛GG,21000,7,2019-07-08
_坂田安安_,9271,7,2019-07-08
魔兽世界怀旧视频,5431,1,2019-07-08
灰灰的飞,5063,1,2019-07-08
小乖OhO丶,2782,6,2019-07-08
WRY魔兽工作室,1386,1,2019-07-08
wuhu动画人空间,1558,3,2019-07-08
iruri-Liu,725,1,2019-07-08
希望日渐消瘦,511,1,2019-07-08
喃兑啊内,38000,102,2019-07-08
过气的风来,23000,15,2019-07-08
星光剑影,21000,8,2019-07-08
上古玩家肉肉,15000,39,2019-07-08
太祖朱元璋,20000,13,2019-07-08
苹果牛GG,21000,8,2019-07-08
过气的风来,20000,16,2019-07-08
_坂田安安_,9271,8,2019-07-08
三棵树下老科学,12000,42,2019-07-08
空车老司机,7947,29,2019-07-08
晓和说,10000,10,2019-07-09
四十二又十三,12000,37,2019-07-09
奈良之鹿丶,20000,21,2019-07-09
晓月春日,16000,1,2019-07-09
XZY-JUSTICE,12000,1,2019-07-09
透骨悲,8891,1,2019-07-09
空车老司机,5083,30,2019-07-09
第13人,4216,4,2019-07-09
邪恶的园长,3341,9,2019-07-09
崔鸭鸭本鸭XD,30000,2,2019-07-09
Berywam小迷妹,1141,1,2019-07-09
YoteethBeatbox,709,1,2019-07-09
AFKBABA1123,790,1,2019-07-09
四十二又十三,12000,38,2019-07-09
喃兑啊内,30000,103,2019-07-09
奈良之鹿丶,20000,22,2019-07-09
晓月春日,16000,2,2019-07-09
XZY-JUSTICE,12000,2,2019-07-09
晓和说,10000,11,2019-07-09
透骨悲,8894,2,2019-07-09
LioN大帝,9480,1,2019-07-09
魔坛情报局,8693,4,2019-07-09
洛花有奕,19000,1,2019-07-10
透骨悲,12000,3,2019-07-10
道尔顿的蜜妮安,10000,5,2019-07-10
空车老司机,7384,31,2019-07-10
晓月春日,6400,3,2019-07-10
魔兽世界怀旧视频,4823,2,2019-07-10
微笑的向日葵,4083,1,2019-07-10
Draco华生,1031,1,2019-07-10
源星生態圈,892,1,2019-07-10
喃兑啊内,243000,104,2019-07-10
旋转洋芋花,73000,1,2019-07-10
洛花有奕,19000,2,2019-07-10
DN不是豆奶,116000,18,2019-07-10
盘叫兽,17000,37,2019-07-10
解说xiaoy,12000,9,2019-07-10
透骨悲,12000,4,2019-07-10
星光剑影,7904,9,2019-07-10
道尔顿的蜜妮安,10000,6,2019-07-10
空车老司机,7386,32,2019-07-10
灵寒_,3824,1,2019-07-11
脚滑的冒险者,25000,8,2019-07-11
网易暴雪游戏视频,19000,42,2019-07-11
空车老司机,13000,33,2019-07-11
3DM游戏网官方,11000,1,2019-07-11
洛丹,2889,1,2019-07-11
晓月春日,4543,4,2019-07-11
三棵树下老科学,2671,43,2019-07-11
超级牛又回来了,3187,9,2019-07-11
孤独的深蓝_,3252,9,2019-07-11
bombshoot,2666,1,2019-07-11
魔兽世界怀旧视频,2554,3,2019-07-11
济南屁王,21000,1,2019-07-11
小噴火龍,1990,5,2019-07-11
自再如风,1215,1,2019-07-11
串标Zoui,505,1,2019-07-11
小乖OhO丶,465,7,2019-07-11
蜗牛不是虫呙,571,1,2019-07-11
亮剑数学,449,1,2019-07-11
DN不是豆奶,36000,19,2019-07-11
脚滑的冒险者,25000,9,2019-07-11
魔坛情报局,85000,5,2019-07-11
网易暴雪游戏视频,19000,43,2019-07-11
空车老司机,13000,34,2019-07-11
解说xiaoy,12000,10,2019-07-11
3DM游戏网官方,11000,2,2019-07-11
星光剑影,8739,10,2019-07-11
上古玩家肉肉,14000,40,2019-07-12
空车老司机,4955,35,2019-07-12
超级牛又回来了,3540,10,2019-07-12
太祖朱元璋,3555,14,2019-07-12
魔兽世界怀旧视频,2476,4,2019-07-12
每年的夏日限定,6880,1,2019-07-12
HEAYOONA1,7207,1,2019-07-12
最终幻想1412,2015,1,2019-07-12
魔兽世界怀旧视频,1292,5,2019-07-12
机甲玩家-江,1178,1,2019-07-12
法特讲故事,321,1,2019-07-12
窗帘没拉,269,1,2019-07-12
震东君,40000,2,2019-07-12
上古玩家肉肉,14000,41,2019-07-12
盘叫兽,16000,38,2019-07-12
星光剑影,8950,11,2019-07-12
解说xiaoy,6988,11,2019-07-12
劊之殇,3874,1,2019-07-13
附魔星Fms,201000,5,2019-07-13
猫饼厨房,12000,30,2019-07-13
老帮主三宝,11000,1,2019-07-13
_坂田安安_,3740,9,2019-07-13
晓和说,7892,12,2019-07-13
凛冽寒风5866,5729,5,2019-07-13
晓月春日,4119,5,2019-07-13
魔兽世界部落卫计委NEW,3682,3,2019-07-13
我就选半藏,3351,1,2019-07-13
糖炒痞子,3028,42,2019-07-13
爱上雨天的折耳根,24000,1,2019-07-13
wuhu动画人空间,1569,4,2019-07-13
三只Cookie,998,1,2019-07-13
bombshoot,1975,2,2019-07-13
aegisf,926,1,2019-07-13
附魔星Fms,201000,6,2019-07-13
喃兑啊内,41000,105,2019-07-13
猫饼厨房,12000,31,2019-07-13
Iris.伊瑞斯,13000,2,2019-07-13
老帮主三宝,11000,2,2019-07-13
星光剑影,9947,12,2019-07-13
晓和说,7892,13,2019-07-13
_坂田安安_,3741,10,2019-07-13
海绵不吸爱,5761,1,2019-07-14
小乖OhO丶,13000,8,2019-07-14
猫神大大ys,11000,4,2019-07-14
绫零,2476,1,2019-07-14
晓月春日,3847,6,2019-07-14
晓和说,3667,14,2019-07-14
糖炒痞子,3702,43,2019-07-14
空车老司机,2197,36,2019-07-14
魔兽世界怀旧视频,3062,6,2019-07-14
小噴火龍,3024,6,2019-07-14
田中人蜡笔小聪,5612,1,2019-07-14
GoldenFlak,636,1,2019-07-14
糖炒痞子,458,44,2019-07-14
小乖OhO丶,13000,9,2019-07-14
光头法丝,28000,1,2019-07-14
猫神大大ys,11000,5,2019-07-14
解说xiaoy,13000,12,2019-07-14
喃兑啊内,15000,106,2019-07-14
解说xiaoy,7125,13,2019-07-14
无糖NS,6551,1,2019-07-14
海绵不吸爱,5763,2,2019-07-14
空车老司机,5829,37,2019-07-15
魔兽世界怀旧视频,7908,7,2019-07-15
豆饼多,3103,1,2019-07-15
超级牛又回来了,2826,11,2019-07-15
胜利文绉绉,16000,1,2019-07-15
神叨字幕组,6946,1,2019-07-15
最终幻想1412,866,2,2019-07-15
魔坛情报局,13000,6,2019-07-15
空车老司机,5830,38,2019-07-15
解说xiaoy,10000,14,2019-07-15
星光剑影,7268,13,2019-07-15
魔兽世界怀旧视频,7910,8,2019-07-15
魔坛情报局,6653,7,2019-07-15
太祖朱元璋,17000,15,2019-07-16
meowTitans,6359,1,2019-07-16
ZoRoGo,7323,1,2019-07-16
奈良之鹿丶,14000,23,2019-07-16
空车老司机,4424,39,2019-07-16
海绵不吸爱,4120,3,2019-07-16
晓月春日,3367,7,2019-07-16
三棵树下老科学,2588,44,2019-07-16
邪恶的园长,2621,10,2019-07-16
cf飞雪,2049,1,2019-07-16
魔兽世界怀旧视频,2579,9,2019-07-16
夜雨侠,1330,5,2019-07-16
胖嘟嘟的欧尼酱,318,1,2019-07-16
系番茄个茄茄,117,1,2019-07-16
太祖朱元璋,17000,16,2019-07-16
传奇的灾难,22000,3,2019-07-16
喃兑啊内,37000,107,2019-07-16
奈良之鹿丶,14000,24,2019-07-16
ZoRoGo,7324,2,2019-07-16
解说xiaoy,8576,15,2019-07-16
星光剑影,7357,14,2019-07-16
过气的风来,5013,17,2019-07-16
meowTitans,6362,2,2019-07-16
LioN大帝,6549,2,2019-07-16
上古玩家肉肉,12000,42,2019-07-17
空车老司机,50000,40,2019-07-17
一次击打男子,4686,1,2019-07-17
极游组,6101,1,2019-07-17
Magicianiris,5736,1,2019-07-17
BUG人,4065,4,2019-07-17
技术开发者,3889,1,2019-07-17
晓和说,5188,15,2019-07-17
卡德加不在家,4620,9,2019-07-17
魔兽世界部落卫计委NEW,2711,4,2019-07-17
颖小莜,318,1,2019-07-17
弦音不变唯后独尊,4600,1,2019-07-17
空车老司机,50000,41,2019-07-17
过气的风来,19000,18,2019-07-17
上古玩家肉肉,12000,43,2019-07-17
Moodybluess,8784,10,2019-07-17
一只胖咕咕,7538,1,2019-07-17
一次击打男子,4686,2,2019-07-17
极游组,6101,2,2019-07-17
Magicianiris,5742,2,2019-07-17
BUG人,4065,5,2019-07-17
星光剑影,5138,15,2019-07-17
技术开发者,3889,2,2019-07-17
晓和说,5188,16,2019-07-17
麻花花花花辫,5243,3,2019-07-18
泡吧TV,21000,21,2019-07-18
江澄211,5410,1,2019-07-18
空车老司机,4086,42,2019-07-18
晓月春日,3349,8,2019-07-18
让魔兽世界更简单,4142,4,2019-07-18
貪心的晚风,1954,1,2019-07-18
GuiltyGyve,1311,10,2019-07-18
yjbcnmb,11000,1,2019-07-18
你家仙女小迷妹,1808,1,2019-07-18
GuiltyGyve,571,11,2019-07-18
侥_幸,95,1,2019-07-18
x天马骑士x,204,7,2019-07-18
泡吧TV,21000,22,2019-07-18
Iris.伊瑞斯,8139,3,2019-07-18
麻花花花花辫,5243,4,2019-07-18
过气的风来,7054,19,2019-07-18
江澄211,5410,2,2019-07-18
解说xiaoy,5361,16,2019-07-18
星光剑影,5342,16,2019-07-18
解说xiaoy,4871,17,2019-07-18
游戏X博士,105000,10,2019-07-19
糖炒痞子,6067,45,2019-07-19
凛冽寒风5866,4578,6,2019-07-19
蝎子莱莱_Xx,6536,1,2019-07-19
哔站老刀,7726,1,2019-07-19
拾万个为什么,3544,1,2019-07-19
_坂田安安_,1591,11,2019-07-19
哔站老刀,3603,2,2019-07-19
itzy的迪迪酱,6740,1,2019-07-19
梨李-李,8836,1,2019-07-19
Snakexxx,531,1,2019-07-19
机智の增援,220,1,2019-07-19
哪家杂货,212,1,2019-07-19
游戏X博士,105000,11,2019-07-19
糖炒痞子,6067,46,2019-07-19
星光剑影,7261,17,2019-07-19
蝎子莱莱_Xx,6537,2,2019-07-19
晓月伝,7438,2,2019-07-19
哔站老刀,7726,3,2019-07-19
专属明信片,5848,1,2019-07-19
解说xiaoy,5795,18,2019-07-19
骷髅游戏娱乐解说,4265,1,2019-07-19
凛冽寒风5866,4579,7,2019-07-19
Euganie,2903,1,2019-07-19
白白n,13000,1,2019-07-20
晓和说,5321,17,2019-07-20
晓月春日,2859,9,2019-07-20
魔兽世界部落卫计委NEW,1515,5,2019-07-20
不好记就叫小王吧,1858,1,2019-07-20
超级牛又回来了,1836,12,2019-07-20
大头探秘,1946,1,2019-07-20
艾什凡女勋爵,2107,11,2019-07-20
李大佩同志,2975,1,2019-07-20
woosusu,2378,1,2019-07-20
格调科技世界,612,1,2019-07-20
就叫鹤安好了_,334,1,2019-07-20
能唱会跳的橙子,223,1,2019-07-20
蒜泥小龙王,4272,1,2019-07-20
专属明信片,13000,2,2019-07-20
过气的风来,11000,20,2019-07-20
晓月伝,12000,3,2019-07-20
白白n,13000,2,2019-07-20
特攝迷2019,11000,1,2019-07-20
晓月伝,9970,4,2019-07-20
LioN大帝,7100,3,2019-07-20
解说xiaoy,6095,19,2019-07-20
解说xiaoy,5516,20,2019-07-20
晓和说,5321,18,2019-07-20
S_Hole,5559,1,2019-07-20
解说xiaoy,4397,21,2019-07-20
猫神大大ys,6480,6,2019-07-21
哔站老刀,13000,4,2019-07-21
空车老司机,6210,43,2019-07-21
大头探秘,4229,2,2019-07-21
sabp,3654,1,2019-07-21
相妄,1831,1,2019-07-21
小抽抽巧克力酱,2374,1,2019-07-21
蛋总BiuBiuBiu,2997,1,2019-07-21
deitt,2807,1,2019-07-21
糖炒痞子,2712,47,2019-07-21
艾什凡女勋爵,1918,12,2019-07-21
北岸初晴YuY,1838,1,2019-07-21
菠萝开箱PineaTech,7350,1,2019-07-21
魔兽世界怀旧视频,1605,10,2019-07-21
风亭夜,319,1,2019-07-21
方块教会彡忠诚,191,1,2019-07-21
哔站老刀,13000,5,2019-07-21
猫神大大ys,6482,7,2019-07-21
喃兑啊内,20000,108,2019-07-21
奈良之鹿丶,19000,25,2019-07-21
维萨克多,9041,1,2019-07-21
魔坛情报局,8578,8,2019-07-21
LioN大帝,8713,4,2019-07-21
这个Up有点膘,7799,1,2019-07-21
空车老司机,6211,44,2019-07-21
解说xiaoy,6713,22,2019-07-21
LioN大帝,5507,5,2019-07-21
过气的风来,5268,21,2019-07-21
魔坛情报局,5849,9,2019-07-21
特攝迷2019,5164,2,2019-07-21
LioN大帝,5032,6,2019-07-21
大头探秘,4230,3,2019-07-21
解说xiaoy,4459,23,2019-07-21
晓月伝,4153,5,2019-07-21
特攝迷2019,4142,3,2019-07-21
Thundermighty,9665,12,2019-07-22
普通的木屐,5830,1,2019-07-22
少年的她与梦,6256,1,2019-07-22
三棵树下老科学,62000,45,2019-07-22
糖炒痞子,3321,48,2019-07-22
蓝天上的流云,11000,5,2019-07-22
晓月春日,2690,10,2019-07-22
糖炒痞子,3497,49,2019-07-22
北岸初晴YuY,2108,2,2019-07-22
DJ-TV,728,1,2019-07-22
羊羽大人,575,1,2019-07-22
柏原Dellen,210,1,2019-07-22
Thundermighty,9666,13,2019-07-22
三棵树下老科学,62000,46,2019-07-22
解说xiaoy,7854,24,2019-07-22
蓝天上的流云,11000,6,2019-07-22
星光剑影,5671,18,2019-07-22
普通的木屐,5832,2,2019-07-22
喃兑啊内,6989,109,2019-07-22
少年的她与梦,6258,2,2019-07-22
大头探秘,5374,4,2019-07-22
LioN大帝,4726,7,2019-07-22
解说牙牙,4834,1,2019-07-22
过气的风来,4975,22,2019-07-22
成功酱,21000,1,2019-07-23
空车老司机,12000,45,2019-07-23
上古玩家肉肉,13000,44,2019-07-23
哔站老刀,3593,6,2019-07-23
里外不是你,2288,1,2019-07-23
蝎子莱莱_Xx,1177,3,2019-07-23
魔兽世界怀旧视频,1639,11,2019-07-23
羊羽大人,191,2,2019-07-23
上古玩家肉肉,13000,45,2019-07-23
成功酱,21000,2,2019-07-23
空车老司机,12000,46,2019-07-23
盘叫兽,12000,39,2019-07-23
LioN大帝,5236,8,2019-07-23
星光剑影,4296,19,2019-07-23
魔坛情报局,3795,10,2019-07-23
解说xiaoy,4718,25,2019-07-23
解说xiaoy,3865,26,2019-07-23
LioN大帝,2783,9,2019-07-23
麻花花花花辫,4173,5,2019-07-24
奈良之鹿丶,13000,26,2019-07-24
超级牛又回来了,3221,13,2019-07-24
空车老司机,4507,47,2019-07-24
机智的李二,3176,1,2019-07-24
潮汕-牛肉丸,1719,1,2019-07-24
哔站老刀,1524,7,2019-07-24
魔兽世界怀旧视频,1379,12,2019-07-24
艾什凡女勋爵,1226,13,2019-07-24
ceresi,611,2,2019-07-24
三十一源,1010,1,2019-07-24
小噴火龍,4399,7,2019-07-24
Lee_Hyo,646,1,2019-07-24
呱科技GUA,532,1,2019-07-24
Strial丶Wings,757,1,2019-07-24
蜗牛不是虫呙,224,2,2019-07-24
沐丶夏,114,1,2019-07-24
爱数学的怪蜀黍,69,1,2019-07-24
博叽里咕噜,82,1,2019-07-24
梦三国知秋,3472,1,2019-07-24
麻花花花花辫,4173,6,2019-07-24
奈良之鹿丶,13000,27,2019-07-24
星陨Fuz,10000,3,2019-07-24
解说xiaoy,7794,27,2019-07-24
过气的风来,7061,23,2019-07-24
空车老司机,4508,48,2019-07-24
解说xiaoy,4591,28,2019-07-24
我要喝酸奶鲨了自己,4334,1,2019-07-24
LioN大帝,3701,10,2019-07-24
超级牛又回来了,3224,14,2019-07-24
机智的李二,3176,2,2019-07-24
魔坛情报局,2879,11,2019-07-24
叫我郭先森吧,3472,1,2019-07-25
哔站老刀,4396,8,2019-07-25
哔站老刀,6815,9,2019-07-25
脚滑的冒险者,4209,10,2019-07-25
霍笑辰,3684,1,2019-07-25
蒜泥小龙王,5349,2,2019-07-25
让魔兽世界更简单,8496,5,2019-07-25
哔站老刀,6147,10,2019-07-25
Thundermighty,3302,14,2019-07-25
晓月春日,2582,11,2019-07-25
空车老司机,2379,49,2019-07-25
本杰明丶雷,2095,1,2019-07-25
哔站老刀,1594,11,2019-07-25
魔兽世界怀旧视频,1227,13,2019-07-25
Kaixxaoy,3323,1,2019-07-25
小悦悦悦悦小,6647,1,2019-07-25
沉迷看剧的小兰,6443,1,2019-07-25
猪狗不如的阿啾们,1225,1,2019-07-25
鞋教头头,746,1,2019-07-25
浪哥1977,285,6,2019-07-25
流云飞舞8888,225,1,2019-07-25
Castle_音乐站,122,1,2019-07-25
WOW娱乐,69,1,2019-07-25
N0vJu3,60,1,2019-07-25
蜜蜂少女队-关凯元kay,40,1,2019-07-25
蒜泥小龙王,5349,3,2019-07-25
过气的风来,13000,24,2019-07-25
SnowKiss_雪妍,16000,1,2019-07-25
盘叫兽,9803,40,2019-07-25
让魔兽世界更简单,8498,6,2019-07-25
星光剑影,7453,20,2019-07-25
解说xiaoy,8841,29,2019-07-25
脚滑的冒险者,4211,11,2019-07-25
羽根的追忆-,6151,1,2019-07-25
TED615,5491,1,2019-07-25
哔站老刀,6815,12,2019-07-25
星光剑影,5040,21,2019-07-25
哔站老刀,6147,13,2019-07-25
过气的风来,5373,25,2019-07-25
LioN大帝,3596,11,2019-07-25
霍笑辰,3685,2,2019-07-25
解说xiaoy,4334,30,2019-07-25
哔站老刀,4398,14,2019-07-25
叫我郭先森吧,3475,2,2019-07-25
Thundermighty,3302,15,2019-07-25
晓月春日,2582,12,2019-07-25
解说xiaoy,2774,31,2019-07-25
魔兽后裔会长110,2893,4,2019-07-25
LioN大帝,2519,12,2019-07-25
空车老司机,2379,50,2019-07-25
泡吧TV,16000,23,2019-07-26
叫我郭先森吧,8150,3,2019-07-26
普通的木屐,2547,3,2019-07-26
空车老司机,3473,51,2019-07-26
哔站老刀,3828,15,2019-07-26
西总游戏解说,1942,1,2019-07-26
哔站老刀,2045,16,2019-07-26
哔站老刀,1340,17,2019-07-26
WOW陈老师,1107,1,2019-07-26
哔站老刀,1084,18,2019-07-26
ceresi,679,3,2019-07-26
流云飞舞8888,1492,2,2019-07-26
萌灬招财喵,884,1,2019-07-26
吖瀚瀚不吃鸡蛋,719,1,2019-07-26
哔站老刀,260,19,2019-07-26
ceresi,196,4,2019-07-26
ceresi,163,5,2019-07-26
蛇鳞之姬,55,1,2019-07-26
zz飘香一箭,158,1,2019-07-26
zz飘香一箭,112,2,2019-07-26
可以不重复了嘛,102,1,2019-07-26
圣地婴儿,116,1,2019-07-26
星陨Fuz,9604,4,2019-07-26
泡吧TV,16000,24,2019-07-26
魔坛情报局,6129,12,2019-07-26
星光剑影,7031,22,2019-07-26
叫我郭先森吧,8154,4,2019-07-26
过气的风来,5375,26,2019-07-26
解说xiaoy,4006,32,2019-07-26
解说xiaoy,3327,33,2019-07-26
解说xiaoy,3472,34,2019-07-26
位面观测者,3418,2,2019-07-26
空车老司机,3473,52,2019-07-26
哔站老刀,3829,20,2019-07-26
普通的木屐,2547,4,2019-07-26
霸气c,2525,1,2019-07-26
LioN大帝,3249,13,2019-07-26
CF手游奸笑君,2342,1,2019-07-26
羽恒狐,2603,1,2019-07-26
504出品蓝色魔兽fans,1174,1,2019-07-26
LioN大帝,2156,14,2019-07-26
LioN大帝,2202,15,2019-07-26
LioN大帝,2030,16,2019-07-26
Niinnee,929,1,2019-07-26
LioN大帝,1869,17,2019-07-26
哔站老刀,5431,21,2019-07-27
上古玩家肉肉,13000,46,2019-07-27
当意即妙,3126,1,2019-07-27
哔站老刀,3765,22,2019-07-27
哔站老刀,3026,23,2019-07-27
哔站老刀,3153,24,2019-07-27
艾什凡女勋爵,3231,14,2019-07-27
ZoRoGo,2140,3,2019-07-27
蝎子莱莱_Xx,1326,4,2019-07-27
艾什凡女勋爵,1314,15,2019-07-27
ZoRoGo,1356,4,2019-07-27
三棵树下老科学,1686,47,2019-07-27
哔站老刀,1433,25,2019-07-27
当意即妙,1397,2,2019-07-27
当意即妙,1190,3,2019-07-27
糖炒痞子,1033,50,2019-07-27
当意即妙,969,4,2019-07-27
哔站老刀,953,26,2019-07-27
练字帖放送部,281,1,2019-07-27
阿濯ZGS,153,1,2019-07-27
Sy_hyomin文星星,104,1,2019-07-27
超级弗莱迪,76,1,2019-07-27
很爱李宁的YOLO,45,1,2019-07-27
上古玩家肉肉,13000,47,2019-07-27
羽恒狐,3358,2,2019-07-27
星光剑影,6602,23,2019-07-27
解说xiaoy,6985,35,2019-07-27
过气的风来,6608,27,2019-07-27
哔站老刀,5436,27,2019-07-27
LioN大帝,3317,18,2019-07-27
二羊化碳bilibili,3472,1,2019-07-27
解说xiaoy,3381,36,2019-07-27
哔站老刀,3765,28,2019-07-27
LioN大帝,2619,19,2019-07-27
解说xiaoy,2926,37,2019-07-27
LioN大帝,2916,20,2019-07-27
艾什凡女勋爵,3232,16,2019-07-27
哔站老刀,3153,29,2019-07-27
当意即妙,3133,5,2019-07-27
哔站老刀,3026,30,2019-07-27
ZoRoGo,2140,5,2019-07-27
蝎子莱莱_Xx,1327,5,2019-07-27
LioN大帝,2066,21,2019-07-27
LioN大帝,2270,22,2019-07-27
LioN大帝,2413,23,2019-07-27
LioN大帝,2082,24,2019-07-27
哔站老刀,5827,31,2019-07-28
克莱Claye,14000,1,2019-07-28
空车老司机,4341,53,2019-07-28
哔站老刀,7250,32,2019-07-28
哔站老刀,6695,33,2019-07-28
魔兽世界部落卫计委NEW,2531,6,2019-07-28
哔站老刀,3946,34,2019-07-28
哔站老刀,2753,35,2019-07-28
哔站老刀,1253,36,2019-07-28
魔兽世界怀旧视频,1403,14,2019-07-28
哔站老刀,1247,37,2019-07-28
哔站老刀,1118,38,2019-07-28
WOW陈老师,991,2,2019-07-28
illidari_Z,138,1,2019-07-28
糖炒痞子,997,51,2019-07-28
魔兽世界怀旧视频,917,15,2019-07-28
魔兽世界怀旧视频,638,16,2019-07-28
哔站老刀,1253,39,2019-07-28
霸天Ultimist,901,1,2019-07-28
被雇佣的水君,293,1,2019-07-28
nnan你楠,154,1,2019-07-28
蜗牛不是虫呙,74,3,2019-07-28
老飞象888,50,1,2019-07-28
大仙归来,62,1,2019-07-28
Huhkimsoo,26,1,2019-07-28
哔站老刀,5829,40,2019-07-28
不思进取的橘子猪,11000,1,2019-07-28
克莱Claye,14000,2,2019-07-28
BPB工作室,3622,3,2019-07-28
解说xiaoy,11000,38,2019-07-28
Hina阳菜,23000,1,2019-07-28
哔站老刀,6703,41,2019-07-28
WOW陈老师,991,3,2019-07-28
解说xiaoy,7502,39,2019-07-28
空车老司机,4341,54,2019-07-28
解说xiaoy,4573,40,2019-07-28
哔站老刀,7253,42,2019-07-28
LioN大帝,5405,25,2019-07-28
蒜泥小龙王,4077,4,2019-07-28
解说xiaoy,4602,41,2019-07-28
西总游戏解说,4133,2,2019-07-28
星光剑影,3966,24,2019-07-28
魔兽世界部落卫计委NEW,2534,7,2019-07-28
哔站老刀,3947,43,2019-07-28
LioN大帝,2471,26,2019-07-28
过气的风来,2178,28,2019-07-28
遥远的拂晓Orz,1549,1,2019-07-28
品爵殇爵赋爵,2093,1,2019-07-28
哔站老刀,2754,44,2019-07-28
LioN大帝,2374,27,2019-07-28
夜幕枫明xm,509,1,2019-07-28
魔兽后裔会长110,1690,5,2019-07-28
暴雪游戏频道,4649,13,2019-07-29
Eric_bin,1441,1,2019-07-29
哔站老刀,845,45,2019-07-29
暴雪游戏频道,4535,14,2019-07-29
SKYLINE天涯电竞,3546,1,2019-07-29
哔站老刀,3688,46,2019-07-29
诙谐的小伙伴,2456,11,2019-07-29
艾什凡女勋爵,672,17,2019-07-29
哔站老刀,2926,47,2019-07-29
哔站老刀,2597,48,2019-07-29
糖炒痞子,525,52,2019-07-29
超级牛又回来了,3446,15,2019-07-29
晓和说,1762,19,2019-07-29
糖炒痞子,2625,53,2019-07-29
晓月春日,2575,13,2019-07-29
blackness123,466,1,2019-07-29
我要五百万,531,1,2019-07-29
blackness123,672,2,2019-07-29
空车老司机,5408,55,2019-07-29
艾什凡女勋爵,2513,18,2019-07-29
机智的李二,779,3,2019-07-29
第13人,588,5,2019-07-29
糖炒痞子,752,54,2019-07-29
哔站老刀,1111,49,2019-07-29
哔站老刀,1033,50,2019-07-29
哔站老刀,989,51,2019-07-29
艾什凡女勋爵,911,19,2019-07-29
糖炒痞子,423,55,2019-07-29
小冷不冷啊,409,1,2019-07-29
Melody张张张的迷妹,84,1,2019-07-29
GuiltyGyve,189,12,2019-07-29
蜗牛不是虫呙,70,4,2019-07-29
一只冯大帅,15,1,2019-07-29
陈陈陈大圣,68,1,2019-07-29
隔壁村的老胖虎,11,1,2019-07-29
SKYLINE天涯电竞,3547,2,2019-07-29
Eric_bin,1441,2,2019-07-29
哔站老刀,845,52,2019-07-29
哔站老刀,3692,53,2019-07-29
诙谐的小伙伴,2458,12,2019-07-29
超级牛又回来了,3447,16,2019-07-29
504出品蓝色魔兽fans,707,2,2019-07-29
方块菜鸟,11000,1,2019-07-29
过气的风来,4242,29,2019-07-29
陈小希的仓库,468,16,2019-07-29
504出品蓝色魔兽fans,1068,3,2019-07-29
夜月魂烬,928,1,2019-07-29
暴雪游戏频道,4537,15,2019-07-29
艾什凡女勋爵,672,20,2019-07-29
解说xiaoy,6954,42,2019-07-29
空车老司机,5413,56,2019-07-29
朕即天命之子,2051,3,2019-07-29
LioN大帝,2533,28,2019-07-29
布鲁Bruce,9514,1,2019-07-29
过气的风来,603,30,2019-07-29
哔站老刀,2597,54,2019-07-29
星光剑影,3489,25,2019-07-29
解说xiaoy,4363,43,2019-07-29
零之彼端,1611,1,2019-07-29
糖炒痞子,2628,56,2019-07-29
BPB工作室,689,4,2019-07-29
解说xiaoy,4249,44,2019-07-29
解说xiaoy,3741,45,2019-07-29
哔站老刀,2929,55,2019-07-29
糖炒痞子,525,57,2019-07-29
魔兽后裔会长110,1694,6,2019-07-29
blackness123,672,3,2019-07-29
晓月春日,2575,14,2019-07-29
暴雪游戏频道,4649,16,2019-07-29
晓和说,1762,20,2019-07-29
LioN大帝,3542,29,2019-07-29
陈小希的仓库,1468,17,2019-07-29
艾什凡女勋爵,2513,21,2019-07-29
LioN大帝,2649,30,2019-07-29
二羊化碳bilibili,1090,2,2019-07-29
拿西瓜刀的苦工,993,1,2019-07-29
机智的李二,780,4,2019-07-29
第13人,589,6,2019-07-29
糖炒痞子,753,58,2019-07-29
麻花花花花辫,4449,7,2019-07-30
空车老司机,4774,57,2019-07-30
哔站老刀,1293,56,2019-07-30
诙谐的小伙伴,2705,13,2019-07-30
奈良之鹿丶,6520,28,2019-07-30
哔站老刀,13000,57,2019-07-30
哔站老刀,778,58,2019-07-30
哔站老刀,1274,59,2019-07-30
哔站老刀,1184,60,2019-07-30
糖炒痞子,1038,59,2019-07-30
谁敢喝牛奶,567,1,2019-07-30
哔站老刀,618,61,2019-07-30
哔站老刀,474,62,2019-07-30
哔站老刀,415,63,2019-07-30
哔站老刀,357,64,2019-07-30
哔站老刀,13000,65,2019-07-30
凌晨四点,642,1,2019-07-30
GuiltyGyve,1090,13,2019-07-30
星辰大海儿,258,1,2019-07-30
哔站老刀,416,66,2019-07-30
旧巷幽草香つ,176,1,2019-07-30
无敌寂寞侠,65,1,2019-07-30
JunW_,24,1,2019-07-30
真言术孕,2978,1,2019-07-30
金杯曼舞,19000,2,2019-07-30
麻花花花花辫,4451,8,2019-07-30
TED615,3213,2,2019-07-30
哔站老刀,13000,67,2019-07-30
喃兑啊内,53000,110,2019-07-30
空车老司机,4785,58,2019-07-30
羽恒狐,3234,3,2019-07-30
过气的风来,5616,31,2019-07-30
解说xiaoy,6339,46,2019-07-30
诙谐的小伙伴,2713,14,2019-07-30
过气的风来,11000,32,2019-07-30
解说xiaoy,5140,47,2019-07-30
解说xiaoy,6629,48,2019-07-30
奈良之鹿丶,6544,29,2019-07-30
LioN大帝,3379,31,2019-07-30
解说xiaoy,5686,49,2019-07-30
星光剑影,4240,26,2019-07-30
LioN大帝,2709,32,2019-07-30
504出品蓝色魔兽fans,775,4,2019-07-30
魔坛情报局,1978,13,2019-07-30
魔兽后裔会长110,1677,7,2019-07-30
天天RPG丶,901,1,2019-07-30
BPB工作室,1052,5,2019-07-30
504出品蓝色魔兽fans,953,5,2019-07-30
哔站老刀,779,68,2019-07-30
哔站老刀,1274,69,2019-07-30
哔站老刀,1184,70,2019-07-30
糖炒痞子,1038,60,2019-07-30
解说xiaoy,581,50,2019-07-30
wuhu动画人空间,1353,5,2019-07-31
网易暴雪游戏视频,20000,44,2019-08-01
网易暴雪游戏视频,16000,45,2019-08-01
WarCola-Zero,13,1,2019-08-01
糖炒痞子,134,61,2019-08-01
丶阿涂,36,1,2019-08-01
WOW陈老师,48,4,2019-08-01
北岸初晴YuY,32,3,2019-08-01
小胖之魂,206,1,2019-08-01
网易暴雪游戏视频,21000,46,2019-08-01
网易暴雪游戏视频,17000,47,2019-08-01
LioN大帝,868,33,2019-08-01
解说xiaoy,1048,51,2019-08-01
LioN大帝,863,34,2019-08-01
魔兽后裔会长110,1043,8,2019-08-01
LioN大帝,799,35,2019-08-01
LioN大帝,755,36,2019-08-01
LioN大帝,677,37,2019-08-01
LioN大帝,647,38,2019-08-01
解说xiaoy,588,52,2019-08-01
LioN大帝,430,39,2019-08-01
Iris.伊瑞斯,117,4,2019-08-01
解说xiaoy,291,53,2019-08-01
魔坛情报局,250,14,2019-08-01
星陨Fuz,95,5,2019-08-01
过气的风来,112,33,2019-08-01
血薇无影,128,1,2019-08-01
过气的风来,92,34,2019-08-01
糖炒痞子,134,62,2019-08-01
WarCola-Zero,13,2,2019-08-01
